-- phpMyAdmin SQL Dump
-- version 3.5.1
-- http://www.phpmyadmin.net
--
-- Host: localhost
-- Generation Time: Jun 24, 2015 at 02:31 PM
-- Server version: 5.5.24-log
-- PHP Version: 5.4.3

SET FOREIGN_KEY_CHECKS=0;
SET SQL_MODE="NO_AUTO_VALUE_ON_ZERO";
SET AUTOCOMMIT=0;
START TRANSACTION;
SET time_zone = "+00:00";


/*!40101 SET @OLD_CHARACTER_SET_CLIENT=@@CHARACTER_SET_CLIENT */;
/*!40101 SET @OLD_CHARACTER_SET_RESULTS=@@CHARACTER_SET_RESULTS */;
/*!40101 SET @OLD_COLLATION_CONNECTION=@@COLLATION_CONNECTION */;
/*!40101 SET NAMES utf8 */;

--
-- Database: `qwickfu1_parkst_inv`
--
CREATE DATABASE `qwickfu1_parkst_inv` DEFAULT CHARACTER SET latin1 COLLATE latin1_swedish_ci;
USE `qwickfu1_parkst_inv`;

-- --------------------------------------------------------

--
-- Table structure for table `accounting_heads`
--

CREATE TABLE IF NOT EXISTS `accounting_heads` (
  `id` int(11) NOT NULL AUTO_INCREMENT,
  `head_name` varchar(35) DEFAULT NULL,
  PRIMARY KEY (`id`)
) ENGINE=InnoDB  DEFAULT CHARSET=latin1 AUTO_INCREMENT=6 ;

--
-- Dumping data for table `accounting_heads`
--

INSERT INTO `accounting_heads` (`id`, `head_name`) VALUES
(1, 'Revenue'),
(2, 'Expense'),
(3, 'Equity'),
(4, 'Asset'),
(5, 'Liability');

-- --------------------------------------------------------

--
-- Table structure for table `balance_sheets`
--

CREATE TABLE IF NOT EXISTS `balance_sheets` (
  `id` int(11) NOT NULL AUTO_INCREMENT,
  `sale_id` int(11) DEFAULT NULL,
  `fixed_asset_id` int(11) DEFAULT NULL,
  `cash_account_id` int(11) DEFAULT NULL,
  `cash` decimal(11,2) DEFAULT '0.00',
  `injections` decimal(11,2) DEFAULT '0.00',
  `deposit` decimal(11,2) DEFAULT '0.00',
  `acc_receivable_debtors` decimal(11,2) DEFAULT '0.00',
  `stock` decimal(11,2) DEFAULT '0.00',
  `total` decimal(11,2) DEFAULT '0.00',
  `property_plant_equipment` decimal(11,2) DEFAULT '0.00',
  `land_n_building` decimal(11,2) DEFAULT '0.00',
  `description` varchar(50) DEFAULT NULL,
  `sloans` decimal(11,2) DEFAULT '0.00',
  `lgloans` decimal(11,2) DEFAULT '0.00',
  `interest` decimal(11,2) DEFAULT '0.00',
  `depreciation` decimal(11,2) DEFAULT '0.00',
  `purchaseofppe` decimal(11,2) DEFAULT '0.00',
  `acc_payable_creditors` decimal(11,2) DEFAULT '0.00',
  `taxation` decimal(11,2) DEFAULT '0.00',
  `other_liabilities` decimal(11,2) DEFAULT '0.00',
  `owner_equity` decimal(11,2) DEFAULT '0.00',
  `profit_n_loss` decimal(11,2) DEFAULT '0.00',
  `drawings` decimal(11,2) DEFAULT '0.00',
  `flag` int(2) NOT NULL DEFAULT '0',
  `fixedasset_status` enum('available','not') DEFAULT 'available',
  `date` date NOT NULL,
  PRIMARY KEY (`id`)
) ENGINE=InnoDB DEFAULT CHARSET=latin1 AUTO_INCREMENT=1 ;

-- --------------------------------------------------------

--
-- Table structure for table `bank_accounts`
--

CREATE TABLE IF NOT EXISTS `bank_accounts` (
  `id` int(2) NOT NULL AUTO_INCREMENT,
  `account_name` varchar(40) NOT NULL,
  `account_no` varchar(25) NOT NULL,
  `bank_id` int(5) DEFAULT NULL,
  `currency_id` int(11) DEFAULT NULL,
  `branch` varchar(35) NOT NULL,
  `setting_id` int(11) NOT NULL,
  PRIMARY KEY (`id`)
) ENGINE=InnoDB  DEFAULT CHARSET=latin1 AUTO_INCREMENT=2 ;

--
-- Dumping data for table `bank_accounts`
--

INSERT INTO `bank_accounts` (`id`, `account_name`, `account_no`, `bank_id`, `currency_id`, `branch`, `setting_id`) VALUES
(1, 'Parkstone Capital Limited', '123456789', 3, 1, 'High Street, Accra', 1);

-- --------------------------------------------------------

--
-- Table structure for table `bank_balances`
--

CREATE TABLE IF NOT EXISTS `bank_balances` (
  `id` int(11) NOT NULL AUTO_INCREMENT,
  `bank_id` int(11) DEFAULT NULL,
  `account_id` int(11) DEFAULT NULL,
  `amount` decimal(11,2) DEFAULT '0.00',
  `balance` decimal(11,2) DEFAULT '0.00',
  `created` datetime DEFAULT NULL,
  `modified` datetime DEFAULT NULL,
  `user` varchar(100) DEFAULT NULL,
  PRIMARY KEY (`id`)
) ENGINE=InnoDB  DEFAULT CHARSET=latin1 AUTO_INCREMENT=122 ;

--
-- Dumping data for table `bank_balances`
--

INSERT INTO `bank_balances` (`id`, `bank_id`, `account_id`, `amount`, `balance`, `created`, `modified`, `user`) VALUES
(1, NULL, 3, '0.00', '0.00', '2015-06-01 00:00:00', '2015-06-01 01:52:05', 'Qwick Fusion'),
(56, NULL, 3, '1000.00', '0.00', '2015-06-03 10:13:48', '2015-06-03 10:13:48', 'Qwick Fusion'),
(57, NULL, 3, '0.00', '0.00', '2015-06-03 10:15:54', '2015-06-03 10:15:54', 'Qwick Fusion'),
(58, NULL, 2, '0.00', '0.00', NULL, NULL, NULL),
(59, NULL, 4, '0.00', '0.00', NULL, NULL, NULL),
(60, NULL, 6, '0.00', '0.00', NULL, NULL, NULL),
(61, NULL, 6, '1000.00', '0.00', '2015-06-03 10:32:59', '2015-06-03 10:32:59', 'Qwick Fusion'),
(62, NULL, 3, '-50.00', '0.00', '2015-06-03 19:27:52', '2015-06-03 19:27:52', 'Qwick Fusion'),
(63, NULL, 3, '0.00', '0.00', '2015-06-03 19:27:54', '2015-06-03 19:27:54', 'Qwick Fusion'),
(64, NULL, 6, '933.00', '0.00', '2015-06-03 19:28:16', '2015-06-03 19:28:16', 'Qwick Fusion'),
(65, NULL, 3, '-450.00', '0.00', '2015-06-03 19:28:36', '2015-06-03 19:28:36', 'Qwick Fusion'),
(66, NULL, 4, '-98.00', '0.00', '2015-06-03 19:29:10', '2015-06-03 19:29:10', 'Qwick Fusion'),
(67, NULL, 4, '0.00', '0.00', '2015-06-03 19:30:35', '2015-06-03 19:30:35', 'Qwick Fusion'),
(68, NULL, 3, '0.00', '0.00', '2015-06-03 19:30:38', '2015-06-03 19:30:38', 'Qwick Fusion'),
(69, NULL, 6, '1000.00', '0.00', '2015-06-03 19:30:40', '2015-06-03 19:30:40', 'Qwick Fusion'),
(70, NULL, 3, '-73.00', '0.00', '2015-06-03 19:31:11', '2015-06-03 19:31:11', 'Qwick Fusion'),
(71, NULL, 3, '-773.00', '0.00', '2015-06-03 19:31:38', '2015-06-03 19:31:38', 'Qwick Fusion'),
(72, NULL, 3, '-803.00', '0.00', '2015-06-03 19:31:59', '2015-06-03 19:31:59', 'Qwick Fusion'),
(73, NULL, 3, '197.00', '0.00', '2015-06-03 19:32:36', '2015-06-03 19:32:36', 'Qwick Fusion'),
(74, NULL, 3, '797.00', '0.00', '2015-06-03 19:32:52', '2015-06-03 19:32:52', 'Qwick Fusion'),
(75, NULL, 3, '1597.00', '0.00', '2015-06-03 19:33:50', '2015-06-03 19:33:50', 'Qwick Fusion'),
(76, NULL, 3, '797.00', '0.00', '2015-06-03 19:33:53', '2015-06-03 19:33:53', 'Qwick Fusion'),
(77, NULL, 3, '1797.00', '0.00', '2015-06-03 19:34:24', '2015-06-03 19:34:24', 'Qwick Fusion'),
(78, NULL, 3, '2797.00', '0.00', '2015-06-03 19:34:40', '2015-06-03 19:34:40', 'Qwick Fusion'),
(79, NULL, 3, '2297.00', '0.00', '2015-06-03 19:34:59', '2015-06-03 19:34:59', 'Qwick Fusion'),
(80, NULL, 3, '1797.00', '0.00', '2015-06-03 19:35:14', '2015-06-03 19:35:14', 'Qwick Fusion'),
(81, NULL, 3, '2797.00', '0.00', '2015-06-03 19:35:56', '2015-06-03 19:35:56', 'Qwick Fusion'),
(82, NULL, 6, '0.00', '0.00', '2015-06-03 19:37:39', '2015-06-03 19:37:39', 'Qwick Fusion'),
(83, NULL, 3, '3797.00', '0.00', '2015-06-03 20:23:50', '2015-06-03 20:23:50', 'Qwick Fusion'),
(84, NULL, 3, '4797.00', '0.00', '2015-06-03 20:33:00', '2015-06-03 20:33:00', 'Qwick Fusion'),
(85, NULL, 3, '5097.00', '0.00', '2015-06-03 23:29:25', '2015-06-03 23:29:25', 'Qwick Fusion'),
(86, NULL, 3, '4797.00', '0.00', '2015-06-03 23:33:19', '2015-06-03 23:33:19', 'Qwick Fusion'),
(87, NULL, 3, '5297.00', '0.00', '2015-06-03 23:35:31', '2015-06-03 23:35:31', 'Qwick Fusion'),
(88, NULL, 3, '6297.00', '0.00', '2015-06-04 00:06:05', '2015-06-04 00:06:05', 'Qwick Fusion'),
(89, NULL, 3, '5297.00', '0.00', '2015-06-04 00:11:08', '2015-06-04 00:11:08', 'Qwick Fusion'),
(90, NULL, 3, '4297.00', '0.00', '2015-06-04 00:16:42', '2015-06-04 00:16:42', 'Qwick Fusion'),
(91, NULL, 3, '3397.00', '0.00', '2015-06-04 00:51:35', '2015-06-04 00:51:35', 'Qwick Fusion'),
(92, NULL, 3, '7897.00', '0.00', '2015-06-04 00:55:58', '2015-06-04 00:55:58', 'Qwick Fusion'),
(93, NULL, 3, '8797.00', '0.00', '2015-06-04 00:57:01', '2015-06-04 00:57:01', 'Qwick Fusion'),
(94, NULL, 3, '8797.00', '0.00', '2015-06-04 00:57:42', '2015-06-04 00:57:42', 'Qwick Fusion'),
(95, NULL, 3, '10797.00', '0.00', '2015-06-04 02:17:55', '2015-06-04 02:17:55', 'Qwick Fusion'),
(96, NULL, 3, '15797.00', '0.00', '2015-06-04 02:22:29', '2015-06-04 02:22:29', 'Qwick Fusion'),
(97, NULL, 3, '14797.00', '0.00', '2015-06-04 02:25:19', '2015-06-04 02:25:19', 'Qwick Fusion'),
(98, NULL, 3, '13797.00', '0.00', '2015-06-04 02:27:02', '2015-06-04 02:27:02', 'Qwick Fusion'),
(99, NULL, 3, '17797.00', '0.00', '2015-06-04 02:27:34', '2015-06-04 02:27:34', 'Qwick Fusion'),
(100, NULL, 3, '19797.00', '0.00', '2015-06-04 03:46:38', '2015-06-04 03:46:38', 'Qwick Fusion'),
(101, NULL, 3, '18797.00', '0.00', '2015-06-04 03:47:16', '2015-06-04 03:47:16', 'Qwick Fusion'),
(102, NULL, 3, '17797.00', '0.00', '2015-06-04 03:47:37', '2015-06-04 03:47:37', 'Qwick Fusion'),
(103, NULL, 3, '19797.00', '0.00', '2015-06-04 03:48:06', '2015-06-04 03:48:06', 'Qwick Fusion'),
(104, NULL, 3, '18797.00', '0.00', '2015-06-04 03:56:33', '2015-06-04 03:56:33', 'Qwick Fusion'),
(105, NULL, 3, '17797.00', '0.00', '2015-06-04 04:06:24', '2015-06-04 04:06:24', 'Qwick Fusion'),
(106, NULL, 3, '18697.00', '0.00', '2015-06-04 04:07:39', '2015-06-04 04:07:39', 'Qwick Fusion'),
(107, NULL, 3, '18797.00', '0.00', '2015-06-04 04:08:00', '2015-06-04 04:08:00', 'Qwick Fusion'),
(108, NULL, 3, '19797.00', '0.00', '2015-06-04 04:14:06', '2015-06-04 04:14:06', 'Qwick Fusion'),
(109, NULL, 3, '18797.00', '0.00', '2015-06-04 04:14:48', '2015-06-04 04:14:48', 'Qwick Fusion'),
(110, NULL, 3, '17797.00', '0.00', '2015-06-04 04:15:03', '2015-06-04 04:15:03', 'Qwick Fusion'),
(111, NULL, 3, '16797.00', '0.00', '2015-06-04 04:15:29', '2015-06-04 04:15:29', 'Qwick Fusion'),
(112, NULL, 3, '20797.00', '0.00', '2015-06-04 04:16:24', '2015-06-04 04:16:24', 'Qwick Fusion'),
(113, NULL, 3, '18797.00', '0.00', '2015-06-04 04:16:40', '2015-06-04 04:16:40', 'Qwick Fusion'),
(114, NULL, 3, '19797.00', '0.00', '2015-06-04 04:16:58', '2015-06-04 04:16:58', 'Qwick Fusion'),
(115, NULL, 3, '17797.00', '0.00', '2015-06-04 04:17:09', '2015-06-04 04:17:09', 'Qwick Fusion'),
(116, NULL, 3, '15797.00', '0.00', '2015-06-04 04:39:55', '2015-06-04 04:39:55', 'Qwick Fusion'),
(117, NULL, 3, '15797.00', '0.00', '2015-06-04 04:41:17', '2015-06-04 04:41:17', 'Qwick Fusion'),
(118, NULL, 3, '15797.00', '0.00', '2015-06-08 00:35:59', '2015-06-08 00:35:59', 'Qwick Fusion'),
(119, NULL, 3, '15527.00', '0.00', '2015-06-08 00:36:11', '2015-06-08 00:36:11', 'Qwick Fusion'),
(120, NULL, 3, '15347.00', '0.00', '2015-06-08 00:36:37', '2015-06-08 00:36:37', 'Qwick Fusion'),
(121, NULL, 3, '15347.00', '0.00', '2015-06-08 00:41:12', '2015-06-08 00:41:12', 'Qwick Fusion');

-- --------------------------------------------------------

--
-- Table structure for table `bank_transfers`
--

CREATE TABLE IF NOT EXISTS `bank_transfers` (
  `id` int(11) NOT NULL AUTO_INCREMENT,
  `transfer_date` date DEFAULT NULL,
  `amount` decimal(15,2) DEFAULT NULL,
  `source_account_id` int(11) DEFAULT NULL,
  `dest_account_id` int(11) DEFAULT NULL,
  `payment_mode_id` int(3) DEFAULT NULL,
  `cheque_no` varchar(35) DEFAULT NULL,
  `cheque_cleared` tinyint(1) DEFAULT '0',
  `remarks` text,
  `user` varchar(35) DEFAULT NULL,
  `create_date` datetime DEFAULT NULL,
  `modified_date` datetime DEFAULT NULL,
  PRIMARY KEY (`id`)
) ENGINE=InnoDB  DEFAULT CHARSET=latin1 AUTO_INCREMENT=13 ;

--
-- Dumping data for table `bank_transfers`
--

INSERT INTO `bank_transfers` (`id`, `transfer_date`, `amount`, `source_account_id`, `dest_account_id`, `payment_mode_id`, `cheque_no`, `cheque_cleared`, `remarks`, `user`, `create_date`, `modified_date`) VALUES
(3, '2015-05-23', '5000.00', 3, 2, NULL, '2341234', 0, 'adfc asdf asdf adf af ', 'Support', '2015-05-23 03:22:00', '2015-05-23 03:22:00'),
(4, '2015-05-25', '200.00', 3, 2, NULL, '4234', 1, 'asdfadfadf', 'Support', '2015-05-23 00:27:00', '0000-00-00 00:00:00'),
(6, '2015-05-23', '1000.00', 2, 3, NULL, '234234', 0, 'a asdf af adsf adf adf ', 'Support', '0000-00-00 00:00:00', '0000-00-00 00:00:00'),
(7, '2015-05-25', '3000.00', 2, 4, NULL, '2312423', 1, '4asdfafva', 'Support', '2015-05-23 03:21:00', '0000-00-00 00:00:00'),
(8, '2015-05-23', '50.00', 4, 3, NULL, '123', 0, 'adfdfadfafa adf adf ', 'Support', '2015-05-23 03:26:00', '2015-05-23 03:26:00'),
(9, '2015-05-23', '10.00', 3, 2, NULL, '234123414', 0, 'adfa fad faf a f', 'Support', '2015-05-23 03:28:00', '2015-05-23 03:28:00'),
(10, '2015-05-25', '1.00', 3, 2, NULL, '2341234', 1, 'af adf afd adf adf ', 'Support', '2015-05-23 03:28:00', '0000-00-00 00:00:00'),
(11, '2015-05-25', '15.00', 3, 2, NULL, '2341234', 1, 'af adf afd adf adf ', 'Support', '2015-05-23 03:28:00', '0000-00-00 00:00:00'),
(12, '2015-05-25', '300.00', 2, 3, NULL, '6787789', 1, '', 'Support', NULL, '0000-00-00 00:00:00');

-- --------------------------------------------------------

--
-- Table structure for table `banks`
--

CREATE TABLE IF NOT EXISTS `banks` (
  `id` int(5) NOT NULL AUTO_INCREMENT,
  `bank_name` varchar(75) DEFAULT NULL,
  `created` datetime DEFAULT NULL,
  PRIMARY KEY (`id`)
) ENGINE=InnoDB  DEFAULT CHARSET=latin1 AUTO_INCREMENT=28 ;

--
-- Dumping data for table `banks`
--

INSERT INTO `banks` (`id`, `bank_name`, `created`) VALUES
(1, 'Parkstone Capital Limited', NULL),
(2, 'Access Bank', NULL),
(3, 'Agricultural Development Bank(ADB)', NULL),
(4, 'Barclays Bank of Ghana Ltd.', NULL),
(5, 'Bank of Africa (Gh) Ltd', NULL),
(6, 'Bank of Baroda (Ghana) Limited', NULL),
(7, 'CAL Bank Limited', NULL),
(8, 'Energy Bank (Ghana) Ltd', NULL),
(9, 'Ecobank Ghana Limited', NULL),
(10, 'First Capital Plus Bank Limited', NULL),
(11, 'First Atlantic Bank Ltd', NULL),
(12, 'Fidelity Bank Ghana Limited', NULL),
(13, 'Guaranty Trust Bank (Ghana) Limited', NULL),
(14, 'Ghana Commercial Bank Limited', NULL),
(15, 'HFC Bank Ltd', NULL),
(16, 'International Commercial Bank Limited', NULL),
(17, 'Merchant Bank (Ghana) Limited', NULL),
(18, 'National Investment Bank Ltd', NULL),
(19, 'Prudential Bank Ltd', NULL),
(20, 'Stanbic Bank Ghana Ltd', NULL),
(21, 'SG Bank', NULL),
(22, 'Standard Chartered Bank Ghana Limited', NULL),
(23, 'The Royal Bank Ltd', NULL),
(24, 'UT Bank Limited', NULL),
(25, 'uniBank Ghana Ltd', NULL),
(26, 'United Bank for Africa (Ghana) Ltd.', NULL),
(27, 'Zenith Bank (Ghana) Limited', '2015-05-06 01:09:58');

-- --------------------------------------------------------

--
-- Table structure for table `cash_accounts`
--

CREATE TABLE IF NOT EXISTS `cash_accounts` (
  `id` int(2) NOT NULL AUTO_INCREMENT,
  `account_name` varchar(40) NOT NULL,
  `account_no` varchar(25) NOT NULL,
  `bank_id` int(5) DEFAULT NULL,
  `currency_id` int(11) DEFAULT NULL,
  `branch` varchar(35) NOT NULL,
  `setting_id` int(11) NOT NULL,
  `zone_id` int(11) DEFAULT NULL,
  PRIMARY KEY (`id`)
) ENGINE=InnoDB  DEFAULT CHARSET=latin1 AUTO_INCREMENT=2 ;

--
-- Dumping data for table `cash_accounts`
--

INSERT INTO `cash_accounts` (`id`, `account_name`, `account_no`, `bank_id`, `currency_id`, `branch`, `setting_id`, `zone_id`) VALUES
(1, 'Parkstone Capital Limited', '123456789', 3, 1, 'High Street, Accra', 1, NULL);

-- --------------------------------------------------------

--
-- Table structure for table `cash_flows`
--

CREATE TABLE IF NOT EXISTS `cash_flows` (
  `id` int(11) NOT NULL AUTO_INCREMENT,
  `description` varchar(50) NOT NULL,
  `operating` decimal(11,2) DEFAULT NULL,
  `investing` decimal(11,2) DEFAULT NULL,
  `financing` decimal(11,2) DEFAULT NULL,
  `net_cashflow` decimal(11,2) DEFAULT NULL,
  `date` timestamp NOT NULL DEFAULT CURRENT_TIMESTAMP ON UPDATE CURRENT_TIMESTAMP,
  PRIMARY KEY (`id`)
) ENGINE=InnoDB DEFAULT CHARSET=latin1 AUTO_INCREMENT=1 ;

-- --------------------------------------------------------

--
-- Table structure for table `cash_receipt_modes`
--

CREATE TABLE IF NOT EXISTS `cash_receipt_modes` (
  `id` int(3) NOT NULL AUTO_INCREMENT,
  `cash_receipt_mode` varchar(20) DEFAULT NULL,
  PRIMARY KEY (`id`)
) ENGINE=InnoDB  DEFAULT CHARSET=latin1 AUTO_INCREMENT=6 ;

--
-- Dumping data for table `cash_receipt_modes`
--

INSERT INTO `cash_receipt_modes` (`id`, `cash_receipt_mode`) VALUES
(1, 'Cash'),
(2, 'Cheque'),
(3, 'Bank Transfer'),
(4, 'Ledger Balance'),
(5, 'Standing order');

-- --------------------------------------------------------

--
-- Table structure for table `client_ledgers`
--

CREATE TABLE IF NOT EXISTS `client_ledgers` (
  `id` int(11) NOT NULL AUTO_INCREMENT,
  `investor_id` int(11) DEFAULT NULL,
  `total_debit` decimal(11,2) DEFAULT '0.00',
  `total_credit` decimal(11,2) DEFAULT '0.00',
  `total_cash` decimal(11,2) DEFAULT '0.00',
  `available_cash` decimal(11,2) DEFAULT '0.00',
  `invested_amount` decimal(11,2) DEFAULT '0.00',
  `created` datetime DEFAULT NULL,
  `modified` datetime DEFAULT NULL,
  PRIMARY KEY (`id`)
) ENGINE=InnoDB  DEFAULT CHARSET=latin1 AUTO_INCREMENT=2 ;

--
-- Dumping data for table `client_ledgers`
--

INSERT INTO `client_ledgers` (`id`, `investor_id`, `total_debit`, `total_credit`, `total_cash`, `available_cash`, `invested_amount`, `created`, `modified`) VALUES
(1, 1, '0.00', '0.00', '0.00', '1880.00', '1120.00', '2015-06-09 07:45:21', '2015-06-19 16:41:04');

-- --------------------------------------------------------

--
-- Table structure for table `closing_balances`
--

CREATE TABLE IF NOT EXISTS `closing_balances` (
  `id` int(11) NOT NULL AUTO_INCREMENT,
  `order_id` int(11) NOT NULL,
  `customer_id` int(11) NOT NULL,
  `balance` decimal(11,2) NOT NULL,
  `date` date NOT NULL,
  PRIMARY KEY (`id`)
) ENGINE=InnoDB DEFAULT CHARSET=latin1 AUTO_INCREMENT=1 ;

-- --------------------------------------------------------

--
-- Table structure for table `credit_payments`
--

CREATE TABLE IF NOT EXISTS `credit_payments` (
  `id` int(11) NOT NULL AUTO_INCREMENT,
  `creditor_id` int(11) NOT NULL,
  `supplier_id` int(11) NOT NULL,
  `item_id` int(11) NOT NULL,
  `amount` decimal(11,2) NOT NULL,
  `date` timestamp NOT NULL DEFAULT CURRENT_TIMESTAMP,
  PRIMARY KEY (`id`)
) ENGINE=InnoDB DEFAULT CHARSET=latin1 AUTO_INCREMENT=1 ;

-- --------------------------------------------------------

--
-- Table structure for table `creditors`
--

CREATE TABLE IF NOT EXISTS `creditors` (
  `id` int(11) NOT NULL AUTO_INCREMENT,
  `supplier_id` int(11) NOT NULL,
  `item_id` int(11) NOT NULL,
  `quantity` int(11) NOT NULL,
  `supply_cost` decimal(11,2) NOT NULL,
  `amount_disbursed` decimal(11,2) NOT NULL,
  `balance` decimal(11,2) NOT NULL,
  `supply_date` timestamp NOT NULL DEFAULT CURRENT_TIMESTAMP,
  `last_disb_date` date NOT NULL,
  PRIMARY KEY (`id`),
  KEY `supplier_name` (`supplier_id`,`supply_date`,`last_disb_date`)
) ENGINE=InnoDB DEFAULT CHARSET=latin1 AUTO_INCREMENT=1 ;

-- --------------------------------------------------------

--
-- Table structure for table `currencies`
--

CREATE TABLE IF NOT EXISTS `currencies` (
  `id` int(11) NOT NULL AUTO_INCREMENT,
  `currency_name` varchar(20) NOT NULL,
  `symbol` varchar(10) NOT NULL,
  `is_local` int(1) NOT NULL DEFAULT '0',
  `setting_id` int(1) NOT NULL DEFAULT '1',
  PRIMARY KEY (`id`)
) ENGINE=InnoDB  DEFAULT CHARSET=latin1 AUTO_INCREMENT=5 ;

--
-- Dumping data for table `currencies`
--

INSERT INTO `currencies` (`id`, `currency_name`, `symbol`, `is_local`, `setting_id`) VALUES
(1, 'Ghana Cedi', 'GHS', 0, 1),
(2, 'US Dollar', 'USD', 0, 1),
(3, 'Pound Sterling', 'GBP', 0, 1),
(4, 'Nigerian Niara', 'N', 0, 1);

-- --------------------------------------------------------

--
-- Table structure for table `customer_categories`
--

CREATE TABLE IF NOT EXISTS `customer_categories` (
  `id` int(3) NOT NULL AUTO_INCREMENT,
  `customer_category` varchar(40) NOT NULL,
  PRIMARY KEY (`id`)
) ENGINE=InnoDB  DEFAULT CHARSET=latin1 AUTO_INCREMENT=11 ;

--
-- Dumping data for table `customer_categories`
--

INSERT INTO `customer_categories` (`id`, `customer_category`) VALUES
(1, '-Select-'),
(3, 'AGRIC WORKERS'),
(4, 'ARTISANS'),
(5, 'PETTY TRADERS'),
(6, 'GOVT WORKERS'),
(7, 'PRIVATE FORMAL'),
(9, 'EDUCAT. WORKERS'),
(10, 'PRIVATE INFORMA');

-- --------------------------------------------------------

--
-- Table structure for table `daily_defaults`
--

CREATE TABLE IF NOT EXISTS `daily_defaults` (
  `id` int(11) NOT NULL AUTO_INCREMENT,
  `date` date NOT NULL,
  `flag` tinyint(1) NOT NULL DEFAULT '0',
  PRIMARY KEY (`id`)
) ENGINE=InnoDB DEFAULT CHARSET=latin1 AUTO_INCREMENT=1 ;

-- --------------------------------------------------------

--
-- Table structure for table `daily_interest_statements`
--

CREATE TABLE IF NOT EXISTS `daily_interest_statements` (
  `id` int(11) NOT NULL AUTO_INCREMENT,
  `investment_id` int(11) DEFAULT NULL,
  `investor_id` int(11) DEFAULT NULL,
  `principal` decimal(11,2) DEFAULT '0.00',
  `interest` decimal(11,2) DEFAULT '0.00',
  `total` decimal(11,2) DEFAULT '0.00',
  `accrued_days` int(4) DEFAULT '0',
  `date` date DEFAULT NULL,
  `created` datetime DEFAULT NULL,
  `modified` datetime DEFAULT NULL,
  PRIMARY KEY (`id`)
) ENGINE=InnoDB  DEFAULT CHARSET=latin1 AUTO_INCREMENT=151 ;

--
-- Dumping data for table `daily_interest_statements`
--

INSERT INTO `daily_interest_statements` (`id`, `investment_id`, `investor_id`, `principal`, `interest`, `total`, `accrued_days`, `date`, `created`, `modified`) VALUES
(1, 2, 1, '0.00', '0.00', '0.00', NULL, '2015-06-17', '2015-06-17 11:42:18', '2015-06-17 11:42:18'),
(2, 3, 1, '1000.00', '0.63', '380.17', NULL, '2015-06-17', '2015-06-17 11:42:18', '2015-06-17 11:42:18'),
(3, 5, 1, '100.00', '0.05', '100.05', NULL, '2015-06-17', '2015-06-17 11:42:18', '2015-06-17 11:42:18'),
(4, 6, 1, '0.00', '0.00', '0.00', NULL, '2015-06-17', '2015-06-17 11:42:18', '2015-06-17 11:42:18'),
(5, 2, 1, '0.00', '0.00', '0.00', NULL, '2015-06-17', '2015-06-17 11:47:34', '2015-06-17 11:47:34'),
(6, 3, 1, '0.00', '0.00', '-619.83', NULL, '2015-06-17', '2015-06-17 11:47:34', '2015-06-17 11:47:34'),
(7, 4, 1, '200.00', '0.10', '200.79', NULL, '2015-06-17', '2015-06-17 11:47:34', '2015-06-17 11:47:34'),
(8, 5, 1, '100.00', '0.05', '100.10', NULL, '2015-06-17', '2015-06-17 11:47:34', '2015-06-17 11:47:34'),
(9, 6, 1, '0.00', '0.00', '0.00', NULL, '2015-06-17', '2015-06-17 11:47:34', '2015-06-17 11:47:34'),
(10, 2, 1, '0.00', '0.00', '0.00', NULL, '2015-06-17', '2015-06-17 11:52:54', '2015-06-17 11:52:54'),
(11, 3, 1, '0.00', '0.00', '-619.83', NULL, '2015-06-17', '2015-06-17 11:52:54', '2015-06-17 11:52:54'),
(12, 4, 1, '-800.00', '-0.39', '-799.60', NULL, '2015-06-17', '2015-06-17 11:52:54', '2015-06-17 11:52:54'),
(13, 5, 1, '100.00', '0.05', '100.15', NULL, '2015-06-17', '2015-06-17 11:52:54', '2015-06-17 11:52:54'),
(14, 6, 1, '0.00', '0.00', '0.00', NULL, '2015-06-17', '2015-06-17 11:52:54', '2015-06-17 11:52:54'),
(15, 7, 1, '600.00', '0.38', '600.38', NULL, '2015-06-17', '2015-06-17 11:52:54', '2015-06-17 11:52:54'),
(16, 2, 1, '0.00', '0.00', '0.00', NULL, '2015-06-17', '2015-06-17 11:53:55', '2015-06-17 11:53:55'),
(17, 3, 1, '0.00', '0.00', '-619.83', NULL, '2015-06-17', '2015-06-17 11:53:55', '2015-06-17 11:53:55'),
(18, 4, 1, '-800.00', '-0.39', '-799.99', NULL, '2015-06-17', '2015-06-17 11:53:55', '2015-06-17 11:53:55'),
(19, 5, 1, '100.00', '0.05', '100.20', NULL, '2015-06-17', '2015-06-17 11:53:55', '2015-06-17 11:53:55'),
(20, 6, 1, '0.00', '0.00', '0.00', NULL, '2015-06-17', '2015-06-17 11:53:55', '2015-06-17 11:53:55'),
(21, 7, 1, '700.00', '0.44', '700.82', NULL, '2015-06-17', '2015-06-17 11:53:55', '2015-06-17 11:53:55'),
(22, 2, 1, '0.00', '0.00', '0.00', NULL, '2015-06-17', '2015-06-17 12:36:21', '2015-06-17 12:36:21'),
(23, 3, 1, '0.00', '0.00', '-619.83', NULL, '2015-06-17', '2015-06-17 12:36:21', '2015-06-17 12:36:21'),
(24, 4, 1, '-800.00', '-0.39', '-800.38', NULL, '2015-06-17', '2015-06-17 12:36:21', '2015-06-17 12:36:21'),
(25, 5, 1, '100.00', '0.05', '100.25', NULL, '2015-06-17', '2015-06-17 12:36:21', '2015-06-17 12:36:21'),
(26, 6, 1, '0.00', '0.00', '0.00', NULL, '2015-06-17', '2015-06-17 12:36:21', '2015-06-17 12:36:21'),
(27, 8, 1, '12432.00', '7.83', '12439.83', NULL, '2015-06-17', '2015-06-17 12:36:21', '2015-06-17 12:36:21'),
(28, 9, 1, '0.00', '0.00', '0.00', NULL, '2015-06-17', '2015-06-17 13:14:21', '2015-06-17 13:14:21'),
(29, 9, 1, '0.00', '0.00', '-619.83', NULL, '2015-06-17', '2015-06-17 13:14:21', '2015-06-17 13:14:21'),
(30, 4, 1, '-800.00', '-0.39', '-800.77', NULL, '2015-06-17', '2015-06-17 13:14:21', '2015-06-17 13:14:21'),
(31, 5, 1, '100.00', '0.05', '100.30', NULL, '2015-06-17', '2015-06-17 13:14:21', '2015-06-17 13:14:21'),
(32, 6, 1, '0.00', '0.00', '0.00', NULL, '2015-06-17', '2015-06-17 13:14:21', '2015-06-17 13:14:21'),
(33, 9, 1, '500.00', '0.32', '500.32', NULL, '2015-06-17', '2015-06-17 13:14:21', '2015-06-17 13:14:21'),
(34, 2, 1, '0.00', '0.00', '0.00', NULL, '2015-06-17', '2015-06-17 13:18:08', '2015-06-17 13:18:08'),
(35, 3, 1, '0.00', '0.00', '-619.83', NULL, '2015-06-17', '2015-06-17 13:18:08', '2015-06-17 13:18:08'),
(36, 4, 1, '-800.00', '-0.39', '-801.16', NULL, '2015-06-17', '2015-06-17 13:18:08', '2015-06-17 13:18:08'),
(37, 5, 1, '100.00', '0.05', '100.35', NULL, '2015-06-17', '2015-06-17 13:18:08', '2015-06-17 13:18:08'),
(38, 6, 1, '0.00', '0.00', '0.00', NULL, '2015-06-17', '2015-06-17 13:18:08', '2015-06-17 13:18:08'),
(39, 9, 1, '500.00', '0.32', '500.64', NULL, '2015-06-17', '2015-06-17 13:18:08', '2015-06-17 13:18:08'),
(40, 2, 1, '0.00', '0.00', '0.00', 9, '2015-06-18', '2015-06-18 08:57:40', '2015-06-18 08:57:40'),
(41, 3, 1, '0.00', '0.00', '-619.83', 2, '2015-06-18', '2015-06-18 08:57:40', '2015-06-18 08:57:40'),
(42, 4, 1, '-800.00', '-0.39', '-801.55', 9, '2015-06-18', '2015-06-18 08:57:40', '2015-06-18 08:57:40'),
(43, 5, 1, '100.00', '0.05', '100.40', 2, '2015-06-18', '2015-06-18 08:57:40', '2015-06-18 08:57:40'),
(44, 6, 1, '0.00', '0.00', '0.00', 6, '2015-06-18', '2015-06-18 08:57:40', '2015-06-18 08:57:40'),
(45, 2, 1, '0.00', '0.00', '0.00', 9, '2015-06-18', '2015-06-18 08:58:03', '2015-06-18 08:58:03'),
(46, 3, 1, '0.00', '0.00', '-619.83', 2, '2015-06-18', '2015-06-18 08:58:03', '2015-06-18 08:58:03'),
(47, 4, 1, '-800.00', '-0.39', '-801.94', 9, '2015-06-18', '2015-06-18 08:58:03', '2015-06-18 08:58:03'),
(48, 5, 1, '100.00', '0.05', '100.45', 2, '2015-06-18', '2015-06-18 08:58:03', '2015-06-18 08:58:03'),
(49, 6, 1, '0.00', '0.00', '0.00', 6, '2015-06-18', '2015-06-18 08:58:03', '2015-06-18 08:58:03'),
(50, 2, 1, '0.00', '0.00', '0.00', 9, '2015-06-18', '2015-06-18 08:59:00', '2015-06-18 08:59:00'),
(51, 3, 1, '0.00', '0.00', '-619.83', 2, '2015-06-18', '2015-06-18 08:59:00', '2015-06-18 08:59:00'),
(52, 4, 1, '-800.00', '-0.39', '-802.33', 9, '2015-06-18', '2015-06-18 08:59:00', '2015-06-18 08:59:00'),
(53, 5, 1, '100.00', '0.05', '100.50', 2, '2015-06-18', '2015-06-18 08:59:00', '2015-06-18 08:59:00'),
(54, 6, 1, '0.00', '0.00', '0.00', 6, '2015-06-18', '2015-06-18 08:59:00', '2015-06-18 08:59:00'),
(55, 2, 1, '0.00', '0.00', '0.00', 9, '2015-06-18', '2015-06-18 09:54:05', '2015-06-18 09:54:05'),
(56, 3, 1, '0.00', '0.00', '-619.83', 2, '2015-06-18', '2015-06-18 09:54:05', '2015-06-18 09:54:05'),
(57, 4, 1, '-800.00', '-0.39', '-802.72', 9, '2015-06-18', '2015-06-18 09:54:05', '2015-06-18 09:54:05'),
(58, 5, 1, '100.00', '0.05', '100.55', 2, '2015-06-18', '2015-06-18 09:54:05', '2015-06-18 09:54:05'),
(59, 6, 1, '0.00', '0.00', '0.00', 6, '2015-06-18', '2015-06-18 09:54:05', '2015-06-18 09:54:05'),
(60, 10, 1, '500.00', '0.32', '500.32', 0, '2015-06-18', '2015-06-18 09:54:05', '2015-06-18 09:54:05'),
(61, 2, 1, '0.00', '0.00', '0.00', 9, '2015-06-18', '2015-06-18 09:54:18', '2015-06-18 09:54:18'),
(62, 3, 1, '0.00', '0.00', '-619.83', 2, '2015-06-18', '2015-06-18 09:54:18', '2015-06-18 09:54:18'),
(63, 4, 1, '-800.00', '-0.39', '-803.11', 9, '2015-06-18', '2015-06-18 09:54:18', '2015-06-18 09:54:18'),
(64, 5, 1, '100.00', '0.05', '100.60', 2, '2015-06-18', '2015-06-18 09:54:18', '2015-06-18 09:54:18'),
(65, 6, 1, '0.00', '0.00', '0.00', 6, '2015-06-18', '2015-06-18 09:54:18', '2015-06-18 09:54:18'),
(66, 10, 1, '500.00', '0.32', '500.64', 0, '2015-06-18', '2015-06-18 09:54:18', '2015-06-18 09:54:18'),
(67, 2, 1, '0.00', '0.00', '0.00', 9, '2015-06-18', '2015-06-18 09:55:09', '2015-06-18 09:55:09'),
(68, 3, 1, '0.00', '0.00', '-619.83', 2, '2015-06-18', '2015-06-18 09:55:09', '2015-06-18 09:55:09'),
(69, 4, 1, '-800.00', '-0.39', '-803.50', 9, '2015-06-18', '2015-06-18 09:55:09', '2015-06-18 09:55:09'),
(70, 5, 1, '100.00', '0.05', '100.65', 2, '2015-06-18', '2015-06-18 09:55:09', '2015-06-18 09:55:09'),
(71, 6, 1, '0.00', '0.00', '0.00', 6, '2015-06-18', '2015-06-18 09:55:09', '2015-06-18 09:55:09'),
(72, 10, 1, '500.00', '0.32', '500.96', 0, '2015-06-18', '2015-06-18 09:55:09', '2015-06-18 09:55:09'),
(73, 2, 1, '0.00', '0.00', '0.00', 9, '2015-06-18', '2015-06-18 09:56:57', '2015-06-18 09:56:57'),
(74, 3, 1, '0.00', '0.00', '-619.83', 2, '2015-06-18', '2015-06-18 09:56:57', '2015-06-18 09:56:57'),
(75, 4, 1, '-800.00', '-0.39', '-803.89', 9, '2015-06-18', '2015-06-18 09:56:57', '2015-06-18 09:56:57'),
(76, 5, 1, '100.00', '0.05', '100.70', 2, '2015-06-18', '2015-06-18 09:56:57', '2015-06-18 09:56:57'),
(77, 6, 1, '0.00', '0.00', '0.00', 6, '2015-06-18', '2015-06-18 09:56:57', '2015-06-18 09:56:57'),
(78, 10, 1, '500.00', '0.32', '501.28', 0, '2015-06-18', '2015-06-18 09:56:57', '2015-06-18 09:56:57'),
(79, 2, 1, '0.00', '0.00', '0.00', 9, '2015-06-18', '2015-06-18 09:58:34', '2015-06-18 09:58:34'),
(80, 3, 1, '0.00', '0.00', '-619.83', 2, '2015-06-18', '2015-06-18 09:58:34', '2015-06-18 09:58:34'),
(81, 4, 1, '-800.00', '-0.39', '-804.28', 9, '2015-06-18', '2015-06-18 09:58:34', '2015-06-18 09:58:34'),
(82, 5, 1, '100.00', '0.05', '100.75', 2, '2015-06-18', '2015-06-18 09:58:34', '2015-06-18 09:58:34'),
(83, 6, 1, '0.00', '0.00', '0.00', 6, '2015-06-18', '2015-06-18 09:58:34', '2015-06-18 09:58:34'),
(84, 10, 1, '500.00', '0.32', '501.60', 0, '2015-06-18', '2015-06-18 09:58:34', '2015-06-18 09:58:34'),
(85, 2, 1, '0.00', '0.00', '0.00', 9, '2015-06-18', '2015-06-18 09:58:38', '2015-06-18 09:58:38'),
(86, 3, 1, '0.00', '0.00', '-619.83', 2, '2015-06-18', '2015-06-18 09:58:38', '2015-06-18 09:58:38'),
(87, 4, 1, '-800.00', '-0.39', '-804.67', 9, '2015-06-18', '2015-06-18 09:58:38', '2015-06-18 09:58:38'),
(88, 5, 1, '100.00', '0.05', '100.80', 2, '2015-06-18', '2015-06-18 09:58:38', '2015-06-18 09:58:38'),
(89, 6, 1, '0.00', '0.00', '0.00', 6, '2015-06-18', '2015-06-18 09:58:38', '2015-06-18 09:58:38'),
(90, 10, 1, '500.00', '0.32', '501.92', 0, '2015-06-18', '2015-06-18 09:58:38', '2015-06-18 09:58:38'),
(91, 2, 1, '0.00', '0.00', '0.00', 9, '2015-06-18', '2015-06-18 09:58:54', '2015-06-18 09:58:54'),
(92, 3, 1, '0.00', '0.00', '-619.83', 2, '2015-06-18', '2015-06-18 09:58:54', '2015-06-18 09:58:54'),
(93, 4, 1, '-800.00', '-0.39', '-805.06', 9, '2015-06-18', '2015-06-18 09:58:54', '2015-06-18 09:58:54'),
(94, 5, 1, '100.00', '0.05', '100.85', 2, '2015-06-18', '2015-06-18 09:58:54', '2015-06-18 09:58:54'),
(95, 6, 1, '0.00', '0.00', '0.00', 6, '2015-06-18', '2015-06-18 09:58:54', '2015-06-18 09:58:54'),
(96, 10, 1, '500.00', '0.32', '502.24', 0, '2015-06-18', '2015-06-18 09:58:54', '2015-06-18 09:58:54'),
(97, 2, 1, '0.00', '0.00', '0.00', 9, '2015-06-18', '2015-06-18 10:01:19', '2015-06-18 10:01:19'),
(98, 3, 1, '0.00', '0.00', '-619.83', 2, '2015-06-18', '2015-06-18 10:01:19', '2015-06-18 10:01:19'),
(99, 4, 1, '-800.00', '-0.39', '-805.45', 9, '2015-06-18', '2015-06-18 10:01:19', '2015-06-18 10:01:19'),
(100, 5, 1, '100.00', '0.05', '100.90', 2, '2015-06-18', '2015-06-18 10:01:19', '2015-06-18 10:01:19'),
(101, 6, 1, '0.00', '0.00', '0.00', 6, '2015-06-18', '2015-06-18 10:01:19', '2015-06-18 10:01:19'),
(102, 10, 1, '500.00', '0.32', '502.56', 0, '2015-06-18', '2015-06-18 10:01:19', '2015-06-18 10:01:19'),
(103, 2, 1, '0.00', '0.00', '0.00', 9, '2015-06-18', '2015-06-18 10:01:42', '2015-06-18 10:01:42'),
(104, 3, 1, '0.00', '0.00', '-619.83', 2, '2015-06-18', '2015-06-18 10:01:42', '2015-06-18 10:01:42'),
(105, 4, 1, '-800.00', '-0.39', '-805.84', 9, '2015-06-18', '2015-06-18 10:01:42', '2015-06-18 10:01:42'),
(106, 5, 1, '100.00', '0.05', '100.95', 2, '2015-06-18', '2015-06-18 10:01:42', '2015-06-18 10:01:42'),
(107, 6, 1, '0.00', '0.00', '0.00', 6, '2015-06-18', '2015-06-18 10:01:42', '2015-06-18 10:01:42'),
(108, 10, 1, '500.00', '0.32', '502.88', 0, '2015-06-18', '2015-06-18 10:01:42', '2015-06-18 10:01:42'),
(109, 2, 1, '0.00', '0.00', '0.00', 9, '2015-06-18', '2015-06-18 10:03:13', '2015-06-18 10:03:13'),
(110, 3, 1, '0.00', '0.00', '-619.83', 2, '2015-06-18', '2015-06-18 10:03:13', '2015-06-18 10:03:13'),
(111, 4, 1, '-800.00', '-0.39', '-806.23', 9, '2015-06-18', '2015-06-18 10:03:13', '2015-06-18 10:03:13'),
(112, 5, 1, '100.00', '0.05', '101.00', 2, '2015-06-18', '2015-06-18 10:03:13', '2015-06-18 10:03:13'),
(113, 6, 1, '0.00', '0.00', '0.00', 6, '2015-06-18', '2015-06-18 10:03:13', '2015-06-18 10:03:13'),
(114, 10, 1, '500.00', '0.32', '503.20', 0, '2015-06-18', '2015-06-18 10:03:13', '2015-06-18 10:03:13'),
(115, 2, 1, '0.00', '0.00', '0.00', 9, '2015-06-18', '2015-06-18 10:07:17', '2015-06-18 10:07:17'),
(116, 3, 1, '0.00', '0.00', '-619.83', 2, '2015-06-18', '2015-06-18 10:07:17', '2015-06-18 10:07:17'),
(117, 4, 1, '-800.00', '-0.39', '-806.62', 9, '2015-06-18', '2015-06-18 10:07:17', '2015-06-18 10:07:17'),
(118, 5, 1, '100.00', '0.05', '101.05', 2, '2015-06-18', '2015-06-18 10:07:17', '2015-06-18 10:07:17'),
(119, 6, 1, '0.00', '0.00', '0.00', 6, '2015-06-18', '2015-06-18 10:07:17', '2015-06-18 10:07:17'),
(120, 10, 1, '500.00', '0.32', '503.52', 0, '2015-06-18', '2015-06-18 10:07:17', '2015-06-18 10:07:17'),
(121, 2, 1, '0.00', '0.00', '0.00', 9, '2015-06-18', '2015-06-18 10:08:24', '2015-06-18 10:08:24'),
(122, 3, 1, '0.00', '0.00', '-619.83', 2, '2015-06-18', '2015-06-18 10:08:24', '2015-06-18 10:08:24'),
(123, 4, 1, '-800.00', '-0.39', '-807.01', 9, '2015-06-18', '2015-06-18 10:08:24', '2015-06-18 10:08:24'),
(124, 5, 1, '100.00', '0.05', '101.10', 2, '2015-06-18', '2015-06-18 10:08:24', '2015-06-18 10:08:24'),
(125, 6, 1, '0.00', '0.00', '0.00', 6, '2015-06-18', '2015-06-18 10:08:24', '2015-06-18 10:08:24'),
(126, 10, 1, '500.00', '0.32', '503.84', 0, '2015-06-18', '2015-06-18 10:08:24', '2015-06-18 10:08:24'),
(127, 2, 1, '0.00', '0.00', '0.00', 10, '2015-06-19', '2015-06-19 08:59:03', '2015-06-19 08:59:03'),
(128, 3, 1, '0.00', '0.00', '-619.83', 3, '2015-06-19', '2015-06-19 08:59:03', '2015-06-19 08:59:03'),
(129, 4, 1, '-800.00', '-0.39', '-807.40', 10, '2015-06-19', '2015-06-19 08:59:03', '2015-06-19 08:59:03'),
(130, 5, 1, '100.00', '0.05', '101.15', 3, '2015-06-19', '2015-06-19 08:59:03', '2015-06-19 08:59:03'),
(131, 6, 1, '0.00', '0.00', '0.00', 7, '2015-06-19', '2015-06-19 08:59:03', '2015-06-19 08:59:03'),
(132, 10, 1, '500.00', '0.32', '504.16', 1, '2015-06-19', '2015-06-19 08:59:03', '2015-06-19 08:59:03'),
(133, 2, 1, '0.00', '0.00', '0.00', 13, '2015-06-22', '2015-06-22 11:52:13', '2015-06-22 11:52:13'),
(134, 3, 1, '0.00', '0.00', '-619.83', 6, '2015-06-22', '2015-06-22 11:52:13', '2015-06-22 11:52:13'),
(135, 4, 1, '-800.00', '-0.39', '-807.79', 13, '2015-06-22', '2015-06-22 11:52:13', '2015-06-22 11:52:13'),
(136, 5, 1, '100.00', '0.05', '101.20', 6, '2015-06-22', '2015-06-22 11:52:13', '2015-06-22 11:52:13'),
(137, 6, 1, '0.00', '0.00', '0.00', 10, '2015-06-22', '2015-06-22 11:52:13', '2015-06-22 11:52:13'),
(138, 10, 1, '500.00', '0.32', '504.48', 4, '2015-06-22', '2015-06-22 11:52:13', '2015-06-22 11:52:13'),
(139, 2, 1, '0.00', '0.00', '0.00', 13, '2015-06-22', '2015-06-22 11:53:08', '2015-06-22 11:53:08'),
(140, 3, 1, '0.00', '0.00', '-619.83', 6, '2015-06-22', '2015-06-22 11:53:08', '2015-06-22 11:53:08'),
(141, 4, 1, '-800.00', '-0.39', '-808.18', 13, '2015-06-22', '2015-06-22 11:53:08', '2015-06-22 11:53:08'),
(142, 5, 1, '100.00', '0.05', '101.25', 6, '2015-06-22', '2015-06-22 11:53:08', '2015-06-22 11:53:08'),
(143, 6, 1, '0.00', '0.00', '0.00', 10, '2015-06-22', '2015-06-22 11:53:08', '2015-06-22 11:53:08'),
(144, 10, 1, '500.00', '0.32', '504.80', 4, '2015-06-22', '2015-06-22 11:53:08', '2015-06-22 11:53:08'),
(145, 2, 1, '0.00', '0.00', '0.00', 14, '2015-06-23', '2015-06-23 08:59:03', '2015-06-23 08:59:03'),
(146, 3, 1, '0.00', '0.00', '-619.83', 7, '2015-06-23', '2015-06-23 08:59:03', '2015-06-23 08:59:03'),
(147, 4, 1, '-800.00', '-0.39', '-808.57', 14, '2015-06-23', '2015-06-23 08:59:03', '2015-06-23 08:59:03'),
(148, 5, 1, '100.00', '0.05', '101.30', 7, '2015-06-23', '2015-06-23 08:59:03', '2015-06-23 08:59:03'),
(149, 6, 1, '0.00', '0.00', '0.00', 11, '2015-06-23', '2015-06-23 08:59:03', '2015-06-23 08:59:03'),
(150, 10, 1, '500.00', '0.32', '505.12', 5, '2015-06-23', '2015-06-23 08:59:03', '2015-06-23 08:59:03');

-- --------------------------------------------------------

--
-- Table structure for table `daily_reinvestinterest_statements`
--

CREATE TABLE IF NOT EXISTS `daily_reinvestinterest_statements` (
  `id` int(11) NOT NULL AUTO_INCREMENT,
  `reinvestment_id` int(11) DEFAULT NULL,
  `reinvestor_id` int(11) DEFAULT NULL,
  `principal` decimal(11,2) DEFAULT '0.00',
  `interest` decimal(11,2) DEFAULT '0.00',
  `total` decimal(11,2) DEFAULT '0.00',
  `accrued_days` int(4) DEFAULT '0',
  `date` date DEFAULT NULL,
  `created` datetime DEFAULT NULL,
  `modified` datetime DEFAULT NULL,
  PRIMARY KEY (`id`)
) ENGINE=InnoDB  DEFAULT CHARSET=latin1 AUTO_INCREMENT=19 ;

--
-- Dumping data for table `daily_reinvestinterest_statements`
--

INSERT INTO `daily_reinvestinterest_statements` (`id`, `reinvestment_id`, `reinvestor_id`, `principal`, `interest`, `total`, `accrued_days`, `date`, `created`, `modified`) VALUES
(1, 4, 1, '5000.00', '3.15', '5003.15', 0, '2015-04-27', '2015-04-27 16:28:48', '2015-04-27 16:28:48'),
(2, 4, 1, '5000.00', '3.15', '5006.30', 0, '2015-04-27', '2015-04-27 16:32:16', '2015-04-27 16:32:16'),
(3, 3, 1, '10000.00', '8.77', '10252.88', 0, '2015-04-27', '2015-04-27 16:33:47', '2015-04-27 16:33:47'),
(4, 4, 1, '5000.00', '3.15', '5009.45', 0, '2015-04-27', '2015-04-27 16:33:47', '2015-04-27 16:33:47'),
(5, 4, 1, '5000.00', '3.15', '5012.60', 0, '2015-04-27', '2015-04-27 17:05:11', '2015-04-27 17:05:11'),
(6, 4, 1, '5000.00', '3.15', '5015.75', 0, '2015-04-27', '2015-04-27 17:06:46', '2015-04-27 17:06:46'),
(7, 4, 1, '5000.00', '3.15', '5018.90', 0, '2015-04-27', '2015-04-27 17:10:37', '2015-04-27 17:10:37'),
(8, 3, 1, '10000.00', '8.77', '10008.77', 0, '2015-04-27', '2015-04-27 17:11:29', '2015-04-27 17:11:29'),
(9, 4, 1, '5000.00', '3.15', '5022.05', 0, '2015-04-27', '2015-04-27 17:11:29', '2015-04-27 17:11:29'),
(10, 3, 1, '10000.00', '8.77', '8.77', 0, '2015-04-27', '2015-04-27 17:13:29', '2015-04-27 17:13:29'),
(11, 4, 1, '5000.00', '3.15', '5025.20', 0, '2015-04-27', '2015-04-27 17:13:29', '2015-04-27 17:13:29'),
(12, 4, 1, '5000.00', '3.15', '5028.35', 0, '2015-04-27', '2015-04-27 17:14:43', '2015-04-27 17:14:43'),
(13, 3, 1, '10000.00', '8.77', '8.77', 0, '2015-04-27', '2015-04-27 17:15:29', '2015-04-27 17:15:29'),
(14, 4, 1, '5000.00', '3.15', '5031.50', 0, '2015-04-27', '2015-04-27 17:15:29', '2015-04-27 17:15:29'),
(15, 4, 1, '5000.00', '3.15', '5034.65', 0, '2015-04-27', '2015-04-27 17:19:23', '2015-04-27 17:19:23'),
(16, 3, 1, '10000.00', '8.77', '10252.88', 0, '2015-04-27', '2015-04-27 17:20:45', '2015-04-27 17:20:45'),
(17, 4, 1, '5000.00', '3.15', '5037.80', 0, '2015-04-27', '2015-04-27 17:20:45', '2015-04-27 17:20:45'),
(18, 4, 1, '5000.00', '3.15', '5040.95', 0, '2015-04-27', '2015-04-27 17:24:48', '2015-04-27 17:24:48');

-- --------------------------------------------------------

--
-- Table structure for table `dashboards`
--

CREATE TABLE IF NOT EXISTS `dashboards` (
  `id` int(11) NOT NULL AUTO_INCREMENT,
  `mod_name` varchar(50) NOT NULL,
  `path` varchar(100) DEFAULT NULL,
  `icon` varchar(50) DEFAULT NULL,
  PRIMARY KEY (`id`)
) ENGINE=InnoDB DEFAULT CHARSET=latin1 AUTO_INCREMENT=1 ;

-- --------------------------------------------------------

--
-- Table structure for table `debt_payments`
--

CREATE TABLE IF NOT EXISTS `debt_payments` (
  `id` int(11) NOT NULL AUTO_INCREMENT,
  `debt_id` int(11) NOT NULL,
  `sale_id` int(11) NOT NULL,
  `amount` decimal(11,2) NOT NULL,
  `date` timestamp NOT NULL DEFAULT CURRENT_TIMESTAMP,
  PRIMARY KEY (`id`)
) ENGINE=InnoDB DEFAULT CHARSET=latin1 AUTO_INCREMENT=1 ;

-- --------------------------------------------------------

--
-- Table structure for table `debtors`
--

CREATE TABLE IF NOT EXISTS `debtors` (
  `id` int(11) NOT NULL AUTO_INCREMENT,
  `client_id` int(11) NOT NULL,
  `sale_id` int(11) NOT NULL,
  `sale_date` timestamp NOT NULL DEFAULT CURRENT_TIMESTAMP,
  `total_cost` decimal(11,2) NOT NULL,
  `amount_paid` decimal(11,2) NOT NULL,
  `balance` decimal(11,2) NOT NULL,
  PRIMARY KEY (`id`),
  KEY `supplier_name` (`client_id`,`sale_date`,`sale_id`,`balance`)
) ENGINE=InnoDB  DEFAULT CHARSET=latin1 AUTO_INCREMENT=48 ;

--
-- Dumping data for table `debtors`
--

INSERT INTO `debtors` (`id`, `client_id`, `sale_id`, `sale_date`, `total_cost`, `amount_paid`, `balance`) VALUES
(47, 20, 192, '2012-11-09 16:34:27', '675.00', '500.00', '175.00');

-- --------------------------------------------------------

--
-- Table structure for table `defaulting_rates`
--

CREATE TABLE IF NOT EXISTS `defaulting_rates` (
  `id` int(5) NOT NULL AUTO_INCREMENT,
  `monthly_rate` int(2) DEFAULT NULL,
  `expired_rate` int(2) DEFAULT NULL,
  `early_termination_fee` decimal(5,2) DEFAULT NULL,
  `modified_date` timestamp NOT NULL DEFAULT CURRENT_TIMESTAMP ON UPDATE CURRENT_TIMESTAMP,
  PRIMARY KEY (`id`)
) ENGINE=InnoDB  DEFAULT CHARSET=latin1 AUTO_INCREMENT=2 ;

--
-- Dumping data for table `defaulting_rates`
--

INSERT INTO `defaulting_rates` (`id`, `monthly_rate`, `expired_rate`, `early_termination_fee`, `modified_date`) VALUES
(1, 20, 27, NULL, '2015-06-09 07:32:33');

-- --------------------------------------------------------

--
-- Table structure for table `eods`
--

CREATE TABLE IF NOT EXISTS `eods` (
  `id` int(11) NOT NULL AUTO_INCREMENT,
  `eod_date` date NOT NULL,
  `flag` int(2) NOT NULL DEFAULT '0',
  PRIMARY KEY (`id`)
) ENGINE=InnoDB DEFAULT CHARSET=latin1 AUTO_INCREMENT=1 ;

-- --------------------------------------------------------

--
-- Table structure for table `eoms`
--

CREATE TABLE IF NOT EXISTS `eoms` (
  `id` int(11) NOT NULL AUTO_INCREMENT,
  `year` date DEFAULT NULL,
  `flag` int(2) NOT NULL DEFAULT '0',
  PRIMARY KEY (`id`)
) ENGINE=InnoDB  DEFAULT CHARSET=latin1 AUTO_INCREMENT=3 ;

--
-- Dumping data for table `eoms`
--

INSERT INTO `eoms` (`id`, `year`, `flag`) VALUES
(1, '2014-03-16', 1),
(2, '2014-04-18', 0);

-- --------------------------------------------------------

--
-- Table structure for table `equities`
--

CREATE TABLE IF NOT EXISTS `equities` (
  `id` int(11) NOT NULL AUTO_INCREMENT,
  `description` varchar(25) NOT NULL,
  `beginning_balance` decimal(11,2) DEFAULT '0.00',
  `Owner_Investment` decimal(11,2) DEFAULT '0.00',
  `revenue` decimal(11,2) NOT NULL DEFAULT '0.00',
  `expenditure` decimal(11,2) NOT NULL DEFAULT '0.00',
  `net_income` decimal(11,2) DEFAULT '0.00',
  `withdrawal` decimal(11,2) DEFAULT '0.00',
  `net_loss` decimal(11,2) DEFAULT '0.00',
  `balance_end` decimal(11,2) DEFAULT '0.00',
  `flag` int(2) NOT NULL,
  `date` date NOT NULL,
  PRIMARY KEY (`id`)
) ENGINE=InnoDB DEFAULT CHARSET=latin1 AUTO_INCREMENT=1 ;

-- --------------------------------------------------------

--
-- Table structure for table `equities_lists`
--

CREATE TABLE IF NOT EXISTS `equities_lists` (
  `id` int(11) NOT NULL AUTO_INCREMENT,
  `equity_name` varchar(50) DEFAULT NULL,
  `equity_abbrev` varchar(10) DEFAULT NULL,
  `share_price` decimal(6,2) DEFAULT NULL,
  `created` datetime DEFAULT NULL,
  `modified` datetime DEFAULT NULL,
  `created_by` int(11) DEFAULT NULL,
  `modified_by` int(11) DEFAULT NULL,
  PRIMARY KEY (`id`)
) ENGINE=InnoDB  DEFAULT CHARSET=latin1 AUTO_INCREMENT=5 ;

--
-- Dumping data for table `equities_lists`
--

INSERT INTO `equities_lists` (`id`, `equity_name`, `equity_abbrev`, `share_price`, `created`, `modified`, `created_by`, `modified_by`) VALUES
(1, 'Cocoa Processing Company Limited', 'CPC', '2.00', NULL, NULL, NULL, NULL),
(2, 'Ghana Oil Company Limited', 'GOIL', '3.00', NULL, NULL, NULL, NULL),
(3, 'Fan Milk Limited - Ghana', 'FML', '4.00', NULL, NULL, NULL, NULL),
(4, 'Ghana Commercial Bank Limited', 'GCB', '2.20', NULL, NULL, NULL, NULL);

-- --------------------------------------------------------

--
-- Table structure for table `equity_orders`
--

CREATE TABLE IF NOT EXISTS `equity_orders` (
  `id` int(11) NOT NULL AUTO_INCREMENT,
  `investment_id` int(11) DEFAULT NULL,
  `equities_list_id` int(11) DEFAULT NULL,
  `shares_req` int(6) DEFAULT NULL,
  `numb_shares_sold` int(6) DEFAULT '0',
  `sale_price` decimal(6,2) DEFAULT '0.00',
  `total_price` decimal(11,2) DEFAULT '0.00',
  `status` enum('ordered','processed') DEFAULT 'ordered',
  `created` datetime DEFAULT NULL,
  `modified` datetime DEFAULT NULL,
  PRIMARY KEY (`id`)
) ENGINE=InnoDB  DEFAULT CHARSET=latin1 AUTO_INCREMENT=9 ;

--
-- Dumping data for table `equity_orders`
--

INSERT INTO `equity_orders` (`id`, `investment_id`, `equities_list_id`, `shares_req`, `numb_shares_sold`, `sale_price`, `total_price`, `status`, `created`, `modified`) VALUES
(1, 1, 2, NULL, 21, '0.00', '0.00', 'ordered', '2015-06-09 04:26:31', '2015-06-09 04:26:31'),
(2, 1, 3, NULL, 20, '0.00', '0.00', 'ordered', '2015-06-09 04:26:31', '2015-06-09 04:26:31'),
(3, 1, 3, NULL, 20, '0.00', '0.00', 'ordered', '2015-06-09 08:05:23', '2015-06-09 08:05:23'),
(4, 1, 4, NULL, 20, '0.00', '0.00', 'ordered', '2015-06-09 08:05:23', '2015-06-09 08:05:23'),
(5, 1, 1, NULL, 20, '0.00', '0.00', 'ordered', '2015-06-09 08:05:23', '2015-06-09 08:05:23'),
(6, 6, 1, 2, 2, '2.00', '4.00', 'ordered', '2015-06-12 16:07:25', '2015-06-12 17:18:29'),
(7, 6, 2, 1, 1, '4.00', '4.00', 'processed', '2015-06-12 16:07:25', '2015-06-12 16:43:49'),
(8, 6, 3, 3, 3, '3.00', '9.00', 'processed', '2015-06-12 16:07:25', '2015-06-12 16:43:49');

-- --------------------------------------------------------

--
-- Table structure for table `exchange_rates`
--

CREATE TABLE IF NOT EXISTS `exchange_rates` (
  `id` int(3) NOT NULL AUTO_INCREMENT,
  `currency_id` int(11) DEFAULT NULL,
  `foreign_currency` decimal(5,2) NOT NULL DEFAULT '0.00',
  `local_currency` decimal(5,2) NOT NULL DEFAULT '0.00',
  `user_id` int(11) DEFAULT NULL,
  `created` datetime DEFAULT NULL,
  `modified` datetime DEFAULT NULL,
  PRIMARY KEY (`id`)
) ENGINE=InnoDB  DEFAULT CHARSET=latin1 AUTO_INCREMENT=2 ;

--
-- Dumping data for table `exchange_rates`
--

INSERT INTO `exchange_rates` (`id`, `currency_id`, `foreign_currency`, `local_currency`, `user_id`, `created`, `modified`) VALUES
(1, 2, '1.00', '3.20', 5, '2014-06-13 08:44:57', '2014-06-13 17:46:49');

-- --------------------------------------------------------

--
-- Table structure for table `expectedinstallments`
--

CREATE TABLE IF NOT EXISTS `expectedinstallments` (
  `id` int(11) NOT NULL AUTO_INCREMENT,
  `order_id` int(11) DEFAULT NULL,
  `payment_id` int(11) DEFAULT NULL,
  `user_id` int(11) DEFAULT NULL,
  `customer_id` int(11) DEFAULT NULL,
  `zone_id` int(2) DEFAULT NULL,
  `expected_installment` int(11) DEFAULT '0',
  `paid_install` int(11) DEFAULT '0',
  `balance` int(11) DEFAULT '0',
  `default_interest` int(11) DEFAULT '0',
  `payment_status` enum('no_payment','part_payment','full_payment') DEFAULT 'no_payment',
  `defaulter` enum('1','0') DEFAULT '0',
  `installment_no` int(2) DEFAULT '0',
  `newinstallment_no` int(2) DEFAULT '0',
  `due_date` date DEFAULT NULL,
  `previouspaid_date` date DEFAULT NULL,
  PRIMARY KEY (`id`)
) ENGINE=InnoDB DEFAULT CHARSET=latin1 AUTO_INCREMENT=1 ;

-- --------------------------------------------------------

--
-- Table structure for table `expectedpayments`
--

CREATE TABLE IF NOT EXISTS `expectedpayments` (
  `id` int(11) NOT NULL AUTO_INCREMENT,
  `order_id` int(11) DEFAULT NULL,
  `expected_amount` int(11) DEFAULT NULL,
  `expected_date` date DEFAULT NULL,
  PRIMARY KEY (`id`)
) ENGINE=InnoDB DEFAULT CHARSET=latin1 AUTO_INCREMENT=1 ;

-- --------------------------------------------------------

--
-- Table structure for table `expenditures`
--

CREATE TABLE IF NOT EXISTS `expenditures` (
  `id` int(11) NOT NULL AUTO_INCREMENT,
  `expense_id` int(11) DEFAULT NULL,
  `expense_type` int(1) NOT NULL,
  `expense_date` timestamp NOT NULL DEFAULT CURRENT_TIMESTAMP,
  `amount` decimal(11,2) NOT NULL,
  `user_id` int(11) DEFAULT NULL,
  `paid_to` varchar(50) DEFAULT NULL,
  `prepared_by` int(11) DEFAULT NULL,
  `userdepartment_id` int(11) DEFAULT NULL,
  `remarks` text NOT NULL,
  PRIMARY KEY (`id`),
  KEY `expense_name` (`expense_id`,`expense_date`)
) ENGINE=InnoDB DEFAULT CHARSET=latin1 AUTO_INCREMENT=1 ;

-- --------------------------------------------------------

--
-- Table structure for table `expenses`
--

CREATE TABLE IF NOT EXISTS `expenses` (
  `id` int(11) NOT NULL AUTO_INCREMENT,
  `payment_name` varchar(30) NOT NULL,
  PRIMARY KEY (`id`)
) ENGINE=InnoDB  DEFAULT CHARSET=latin1 AUTO_INCREMENT=23 ;

--
-- Dumping data for table `expenses`
--

INSERT INTO `expenses` (`id`, `payment_name`) VALUES
(2, 'UTILITIES'),
(3, 'STATIONERY'),
(4, 'CLEANING'),
(5, 'GENERAL REPAIRS'),
(6, 'FUEL'),
(7, 'VEHICLE MAINTENANCE'),
(9, 'STATUTORY PAYMENTS'),
(11, 'TRAINNING'),
(12, 'PRINT MATERIALS'),
(13, 'ADVERTS'),
(14, 'SALARY EXPENSES'),
(16, 'OUT-STATION EXPENSES'),
(17, 'PHONE & INTERNET SERVICES'),
(18, 'ACCOUNTING & LEGAL FEES'),
(19, 'BANK BALANCE'),
(20, 'Offertory'),
(21, 'Design n Printing of Banners'),
(22, 'testing');

-- --------------------------------------------------------

--
-- Table structure for table `fixed_assets`
--

CREATE TABLE IF NOT EXISTS `fixed_assets` (
  `id` int(11) NOT NULL AUTO_INCREMENT,
  `user_id` int(11) DEFAULT NULL,
  `asset_name` varchar(30) DEFAULT NULL,
  `asset_type` int(2) DEFAULT NULL,
  `dep_begin` enum('Yes','No') DEFAULT NULL,
  `description` text,
  `cost` decimal(11,2) DEFAULT '0.00',
  `status` enum('sold','expired','alive','deleted') DEFAULT 'alive',
  `depreciation_rate` int(3) DEFAULT '0',
  `year_end_deduction` decimal(11,2) DEFAULT '0.00',
  `purchase_date` date DEFAULT NULL,
  `disposal_date` date DEFAULT NULL,
  `disposal_amt` decimal(11,2) DEFAULT '0.00',
  PRIMARY KEY (`id`)
) ENGINE=InnoDB DEFAULT CHARSET=latin1 AUTO_INCREMENT=1 ;

-- --------------------------------------------------------

--
-- Table structure for table `fixedasset_extras`
--

CREATE TABLE IF NOT EXISTS `fixedasset_extras` (
  `id` int(11) NOT NULL AUTO_INCREMENT,
  `fixed_asset_id` int(11) DEFAULT NULL,
  `asset_value` decimal(11,2) DEFAULT '0.00',
  `year_end_dt` date DEFAULT NULL,
  PRIMARY KEY (`id`)
) ENGINE=InnoDB DEFAULT CHARSET=latin1 AUTO_INCREMENT=1 ;

-- --------------------------------------------------------

--
-- Table structure for table `gross_incomes`
--

CREATE TABLE IF NOT EXISTS `gross_incomes` (
  `id` int(3) NOT NULL AUTO_INCREMENT,
  `gross_income_name` varchar(25) NOT NULL,
  PRIMARY KEY (`id`)
) ENGINE=InnoDB  DEFAULT CHARSET=latin1 AUTO_INCREMENT=5 ;

--
-- Dumping data for table `gross_incomes`
--

INSERT INTO `gross_incomes` (`id`, `gross_income_name`) VALUES
(1, '-Select-'),
(2, 'Below GHC5,000'),
(3, 'GHC5,000-GHC100,000'),
(4, 'Above GHC100,000');

-- --------------------------------------------------------

--
-- Table structure for table `gross_revenues`
--

CREATE TABLE IF NOT EXISTS `gross_revenues` (
  `id` int(3) NOT NULL AUTO_INCREMENT,
  `gross_revenue_name` varchar(20) NOT NULL,
  PRIMARY KEY (`id`)
) ENGINE=InnoDB  DEFAULT CHARSET=latin1 AUTO_INCREMENT=5 ;

--
-- Dumping data for table `gross_revenues`
--

INSERT INTO `gross_revenues` (`id`, `gross_revenue_name`) VALUES
(1, '-Select-'),
(2, 'Below GHC1M'),
(3, 'GHC1M - GHC10M'),
(4, 'Above GHC10M');

-- --------------------------------------------------------

--
-- Table structure for table `idtypes`
--

CREATE TABLE IF NOT EXISTS `idtypes` (
  `id` int(3) NOT NULL AUTO_INCREMENT,
  `id_type` varchar(15) NOT NULL,
  PRIMARY KEY (`id`)
) ENGINE=InnoDB  DEFAULT CHARSET=latin1 AUTO_INCREMENT=8 ;

--
-- Dumping data for table `idtypes`
--

INSERT INTO `idtypes` (`id`, `id_type`) VALUES
(1, '-Select-'),
(2, 'National ID'),
(3, 'NHIS ID'),
(4, 'Drivers License'),
(5, 'Passport'),
(7, 'Voters ID');

-- --------------------------------------------------------

--
-- Table structure for table `income_statements`
--

CREATE TABLE IF NOT EXISTS `income_statements` (
  `id` int(11) NOT NULL AUTO_INCREMENT,
  `sale_id` int(11) DEFAULT NULL,
  `cash_account_id` int(11) DEFAULT NULL,
  `description` varchar(50) NOT NULL,
  `revenue` decimal(11,2) DEFAULT '0.00',
  `expenditure` decimal(11,2) DEFAULT '0.00',
  `loancash` decimal(11,2) DEFAULT '0.00',
  `interest` decimal(11,2) DEFAULT '0.00',
  `actualinterest` decimal(11,2) DEFAULT '0.00',
  `saleofassets` decimal(11,2) DEFAULT '0.00',
  `proceedsonassets` decimal(11,2) DEFAULT '0.00',
  `taxpaid` decimal(11,2) DEFAULT '0.00',
  `net_income` decimal(11,2) DEFAULT '0.00',
  `flag` int(2) NOT NULL DEFAULT '0',
  `date` date NOT NULL,
  PRIMARY KEY (`id`)
) ENGINE=InnoDB DEFAULT CHARSET=latin1 AUTO_INCREMENT=1 ;

-- --------------------------------------------------------

--
-- Table structure for table `inst_types`
--

CREATE TABLE IF NOT EXISTS `inst_types` (
  `id` int(3) NOT NULL AUTO_INCREMENT,
  `inst_type_name` varchar(20) NOT NULL,
  PRIMARY KEY (`id`)
) ENGINE=InnoDB  DEFAULT CHARSET=latin1 AUTO_INCREMENT=4 ;

--
-- Dumping data for table `inst_types`
--

INSERT INTO `inst_types` (`id`, `inst_type_name`) VALUES
(1, '-Select-'),
(2, 'Local'),
(3, 'Foreign');

-- --------------------------------------------------------

--
-- Table structure for table `institution_types`
--

CREATE TABLE IF NOT EXISTS `institution_types` (
  `id` int(3) NOT NULL AUTO_INCREMENT,
  `inst_type_name` varchar(20) NOT NULL,
  PRIMARY KEY (`id`)
) ENGINE=InnoDB  DEFAULT CHARSET=latin1 AUTO_INCREMENT=4 ;

--
-- Dumping data for table `institution_types`
--

INSERT INTO `institution_types` (`id`, `inst_type_name`) VALUES
(1, '-Select-'),
(2, 'Local'),
(3, 'Foreign');

-- --------------------------------------------------------

--
-- Table structure for table `instructions`
--

CREATE TABLE IF NOT EXISTS `instructions` (
  `id` int(3) NOT NULL AUTO_INCREMENT,
  `instruction_name` varchar(35) DEFAULT NULL,
  PRIMARY KEY (`id`)
) ENGINE=InnoDB  DEFAULT CHARSET=latin1 AUTO_INCREMENT=8 ;

--
-- Dumping data for table `instructions`
--

INSERT INTO `instructions` (`id`, `instruction_name`) VALUES
(1, 'Pay interest'),
(2, 'Pay Principal '),
(3, ' Pay Principal & Interest '),
(4, 'Rollover interest'),
(5, 'Rollover principal '),
(6, 'Rollover principal & inte '),
(7, 'Other - provide details');

-- --------------------------------------------------------

--
-- Table structure for table `inv_dest_products`
--

CREATE TABLE IF NOT EXISTS `inv_dest_products` (
  `id` int(11) NOT NULL AUTO_INCREMENT,
  `investment_destination_id` int(11) DEFAULT NULL,
  `inv_dest_product` varchar(50) DEFAULT NULL,
  `created` timestamp NULL DEFAULT NULL,
  `modified` timestamp NULL DEFAULT NULL,
  `user_id` int(11) DEFAULT NULL,
  `modified_by` int(11) DEFAULT NULL,
  PRIMARY KEY (`id`)
) ENGINE=InnoDB  DEFAULT CHARSET=latin1 AUTO_INCREMENT=7 ;

--
-- Dumping data for table `inv_dest_products`
--

INSERT INTO `inv_dest_products` (`id`, `investment_destination_id`, `inv_dest_product`, `created`, `modified`, `user_id`, `modified_by`) VALUES
(4, 1, 'Gold', '2015-02-09 14:30:03', '2015-02-09 14:30:03', NULL, NULL),
(5, 2, 'Fixed Deposit', '2015-03-20 13:49:44', '2015-03-20 13:49:44', NULL, NULL),
(6, 3, 'FIXED DEPOSIT', '2015-04-30 13:40:17', '2015-04-30 13:40:17', NULL, NULL);

-- --------------------------------------------------------

--
-- Table structure for table `investees`
--

CREATE TABLE IF NOT EXISTS `investees` (
  `id` int(11) NOT NULL AUTO_INCREMENT,
  `currency_id` int(11) NOT NULL,
  `company_name` varchar(100) NOT NULL,
  `manager_name` varchar(100) DEFAULT NULL,
  `location` varchar(50) NOT NULL,
  `postal_address` varchar(100) NOT NULL,
  `postal_town_suburb` varchar(50) NOT NULL,
  `postal_city` varchar(20) NOT NULL,
  `postal_country` varchar(25) NOT NULL,
  `telephone` varchar(50) NOT NULL,
  `mobile` varchar(40) NOT NULL,
  `email` varchar(50) NOT NULL,
  `product1` varchar(40) DEFAULT NULL,
  `product2` varchar(40) DEFAULT NULL,
  `product3` varchar(40) DEFAULT NULL,
  `product4` varchar(40) DEFAULT NULL,
  `product5` varchar(40) DEFAULT NULL,
  `product6` varchar(40) DEFAULT NULL,
  `product7` varchar(40) DEFAULT NULL,
  `product8` varchar(40) DEFAULT NULL,
  `product9` varchar(40) DEFAULT NULL,
  PRIMARY KEY (`id`)
) ENGINE=InnoDB  DEFAULT CHARSET=latin1 AUTO_INCREMENT=3 ;

--
-- Dumping data for table `investees`
--

INSERT INTO `investees` (`id`, `currency_id`, `company_name`, `manager_name`, `location`, `postal_address`, `postal_town_suburb`, `postal_city`, `postal_country`, `telephone`, `mobile`, `email`, `product1`, `product2`, `product3`, `product4`, `product5`, `product6`, `product7`, `product8`, `product9`) VALUES
(1, 1, 'Databank Financial Services Ltd.', 'Kojo Addae-Mensah', 'Accra', 'Private Mail Bag', ' Ministries Post Office', 'Accra', 'Ghana', '(233)(302) 610610', '', ' info@databankgroup.com', 'MFUND', 'EPACK', 'BFUND', NULL, NULL, NULL, NULL, NULL, NULL),
(2, 0, 'Test', 'Test', 'Test', 'Test', 'Test', 'Test', 'Test', 'Test', 'Test', 'me@u.com', 'Test', 'Test', 'Test', 'Test', 'Test', 'Test', 'Test', 'Test', 'Test');

-- --------------------------------------------------------

--
-- Table structure for table `investment_cashes`
--

CREATE TABLE IF NOT EXISTS `investment_cashes` (
  `id` int(11) NOT NULL AUTO_INCREMENT,
  `reinvestor_id` int(11) DEFAULT NULL,
  `user_id` int(11) DEFAULT NULL,
  `investment_id` int(11) DEFAULT NULL,
  `currency_id` int(11) DEFAULT NULL,
  `reinvestor_deposit_id` int(11) DEFAULT NULL,
  `investor_deposit_id` int(11) DEFAULT NULL,
  `amount` decimal(11,2) DEFAULT '0.00',
  `available_amount` decimal(11,2) DEFAULT '0.00',
  `investment_type` enum('fixed','equity') DEFAULT NULL,
  `payment_mode` varchar(20) DEFAULT NULL,
  `investment_date` date DEFAULT NULL,
  `modified` datetime NOT NULL,
  `modified_by` int(11) DEFAULT NULL,
  `status` enum('available','invested','paid','part_investment','processed') DEFAULT 'available',
  PRIMARY KEY (`id`)
) ENGINE=InnoDB  DEFAULT CHARSET=latin1 AUTO_INCREMENT=19 ;

--
-- Dumping data for table `investment_cashes`
--

INSERT INTO `investment_cashes` (`id`, `reinvestor_id`, `user_id`, `investment_id`, `currency_id`, `reinvestor_deposit_id`, `investor_deposit_id`, `amount`, `available_amount`, `investment_type`, `payment_mode`, `investment_date`, `modified`, `modified_by`, `status`) VALUES
(1, 1, 1, 1, 1, NULL, NULL, '465.00', '465.00', 'equity', 'Cash', '2015-06-09', '2015-06-09 08:03:43', 1, 'part_investment'),
(2, 1, 1, 2, 1, NULL, NULL, '149.00', '149.00', 'equity', 'Cheque', '2015-06-09', '2015-06-09 10:20:24', NULL, 'processed'),
(3, 1, 1, 3, 1, NULL, NULL, '1000.00', '1000.00', 'fixed', 'Cash', '2015-06-09', '2015-06-09 10:20:24', NULL, 'processed'),
(4, 1, 1, 4, 1, NULL, NULL, '200.00', '200.00', 'fixed', 'Cheque', '2015-06-09', '2015-06-09 10:20:24', NULL, 'processed'),
(5, 1, 1, 5, 1, NULL, NULL, '100.00', '100.00', 'fixed', 'Cash', '2015-06-12', '2015-06-12 16:04:26', NULL, 'processed'),
(6, 1, 1, 5, 1, NULL, NULL, '40.30', '40.30', 'equity', 'Cash', '2015-06-12', '2015-06-12 16:04:26', NULL, 'processed'),
(7, 1, 1, 6, 1, NULL, NULL, '32.00', '32.00', 'equity', 'Cash', '2015-06-12', '2015-06-12 16:06:38', 1, 'invested'),
(8, 1, 1, 3, 1, NULL, NULL, '1000.00', '1000.00', 'fixed', 'Cash', '2015-06-16', '2015-06-16 14:12:41', NULL, 'processed'),
(9, 1, 1, 5, 1, NULL, NULL, '100.00', '100.00', 'fixed', 'Cash', '2015-06-16', '2015-06-17 10:29:19', NULL, 'processed'),
(10, 1, NULL, 5, 1, NULL, NULL, '100.00', '100.00', 'fixed', 'Cash', '2015-06-16', '2015-06-17 10:29:19', NULL, 'processed'),
(11, 1, 1, 7, 1, NULL, 6, '600.00', '600.00', 'fixed', 'Cash', '2015-06-17', '2015-06-17 11:53:00', NULL, 'processed'),
(12, 1, 1, 7, 1, NULL, 7, '100.00', '100.00', 'fixed', 'Cash', '2015-06-17', '2015-06-17 11:53:50', NULL, 'processed'),
(13, 1, 1, 8, 1, NULL, 8, '200.00', '200.00', 'fixed', 'Cash', '2015-06-01', '2015-06-17 12:36:31', NULL, 'processed'),
(14, 1, 1, 8, 1, NULL, 9, '10.00', '10.00', 'fixed', 'Cash', '2015-06-17', '2015-06-17 12:36:31', NULL, 'processed'),
(16, 1, 1, 9, 1, NULL, 11, '500.00', '500.00', 'fixed', 'Cash', '2015-06-17', '2015-06-17 13:14:16', NULL, 'processed'),
(17, 1, 1, 10, 1, NULL, NULL, '500.00', '500.00', 'fixed', 'Cash', '2015-06-18', '2015-06-18 09:55:46', NULL, 'processed'),
(18, 1, 1, 10, 1, NULL, 12, '120.00', '120.00', 'equity', 'Cash', '2015-06-18', '2015-06-18 09:55:46', NULL, 'processed');

-- --------------------------------------------------------

--
-- Table structure for table `investment_destinations`
--

CREATE TABLE IF NOT EXISTS `investment_destinations` (
  `id` int(11) NOT NULL AUTO_INCREMENT,
  `company_name` varchar(100) DEFAULT NULL,
  `telephone` varchar(50) DEFAULT NULL,
  `email` varchar(50) DEFAULT NULL,
  `location` varchar(50) DEFAULT NULL,
  `postal_address` varchar(100) DEFAULT NULL,
  `country` varchar(25) DEFAULT NULL,
  `created` timestamp NULL DEFAULT NULL,
  `modified` timestamp NULL DEFAULT NULL,
  `user_id` int(11) DEFAULT NULL,
  PRIMARY KEY (`id`)
) ENGINE=InnoDB  DEFAULT CHARSET=latin1 AUTO_INCREMENT=4 ;

--
-- Dumping data for table `investment_destinations`
--

INSERT INTO `investment_destinations` (`id`, `company_name`, `telephone`, `email`, `location`, `postal_address`, `country`, `created`, `modified`, `user_id`) VALUES
(1, 'Tilapia Investments', '0302-221432', 'info@tilapiainvestments.com', 'Sakumono', 'PMB S 423, Sakumono - Tema', 'Ghana', '2015-02-09 14:08:01', '2015-02-09 14:08:01', NULL),
(2, 'Catamount Finance', '', '', 'Madina, Opposite post office', '', 'Ghana', '2015-03-20 13:48:51', '2015-03-20 13:48:51', NULL),
(3, 'ADOM SIKA', '0244209836', 'ADJJJJ@YAHOO.COM', 'EAST LEGON', '', 'GHANA', '2015-04-30 13:39:05', '2015-04-30 13:39:05', NULL);

-- --------------------------------------------------------

--
-- Table structure for table `investment_investors`
--

CREATE TABLE IF NOT EXISTS `investment_investors` (
  `id` int(11) NOT NULL AUTO_INCREMENT,
  `investment_id` int(11) DEFAULT NULL,
  `investor_id` int(11) DEFAULT NULL,
  `created` datetime DEFAULT NULL,
  `modified` datetime DEFAULT NULL,
  PRIMARY KEY (`id`)
) ENGINE=InnoDB DEFAULT CHARSET=latin1 AUTO_INCREMENT=1 ;

-- --------------------------------------------------------

--
-- Table structure for table `investment_payments`
--

CREATE TABLE IF NOT EXISTS `investment_payments` (
  `id` int(11) NOT NULL AUTO_INCREMENT,
  `investment_id` int(11) DEFAULT NULL,
  `investor_id` int(11) DEFAULT NULL,
  `user_id` int(11) DEFAULT NULL,
  `instruction_id` int(3) DEFAULT NULL,
  `ledger_transaction_id` int(11) DEFAULT NULL,
  `selling_price` decimal(11,2) NOT NULL DEFAULT '0.00',
  `amount` decimal(11,2) DEFAULT '0.00',
  `numb_shares_sold` int(11) DEFAULT '0',
  `payment_mode_id` int(11) DEFAULT NULL,
  `cheque_nos` varchar(100) DEFAULT NULL,
  `event_type` enum('Payment','Rolledover','Termination') DEFAULT NULL,
  `event_date` date DEFAULT NULL,
  `created` datetime NOT NULL,
  `payment_date` date DEFAULT NULL,
  `delete_status` enum('dead','alive') DEFAULT 'alive',
  `deleted_by` varchar(200) DEFAULT NULL,
  `edit_details_username_oldnnewamout` varchar(200) DEFAULT NULL,
  PRIMARY KEY (`id`)
) ENGINE=InnoDB  DEFAULT CHARSET=latin1 AUTO_INCREMENT=8 ;

--
-- Dumping data for table `investment_payments`
--

INSERT INTO `investment_payments` (`id`, `investment_id`, `investor_id`, `user_id`, `instruction_id`, `ledger_transaction_id`, `selling_price`, `amount`, `numb_shares_sold`, `payment_mode_id`, `cheque_nos`, `event_type`, `event_date`, `created`, `payment_date`, `delete_status`, `deleted_by`, `edit_details_username_oldnnewamout`) VALUES
(1, 4, 1, 1, NULL, NULL, '0.00', '200.69', 0, NULL, NULL, 'Termination', '2015-06-16', '2015-06-16 14:03:23', '2015-06-16', 'alive', NULL, NULL),
(2, 5, 1, 1, NULL, NULL, '0.00', '100.00', 0, NULL, NULL, 'Rolledover', '2015-06-16', '2015-06-16 14:31:01', '2015-06-16', 'alive', NULL, NULL),
(3, NULL, 1, NULL, 2, NULL, '0.00', '100.00', 0, NULL, NULL, 'Payment', '2015-06-16', '2015-06-16 14:31:46', '2002-02-02', 'alive', NULL, NULL),
(4, NULL, 1, 1, 3, NULL, '0.00', '100.00', 0, 1, NULL, 'Payment', '2015-06-16', '2015-06-16 15:25:52', '2002-02-02', 'alive', NULL, NULL),
(5, 3, 1, 1, 1, NULL, '0.00', '79.00', 0, 1, NULL, 'Payment', '2015-06-16', '2015-06-16 15:32:12', '2015-06-16', 'alive', NULL, NULL),
(7, 9, 1, 1, 2, NULL, '0.00', '500.00', 0, 1, NULL, 'Payment', '2015-06-18', '2015-06-18 17:16:13', '2015-06-18', 'alive', NULL, NULL);

-- --------------------------------------------------------

--
-- Table structure for table `investment_products`
--

CREATE TABLE IF NOT EXISTS `investment_products` (
  `id` int(3) NOT NULL AUTO_INCREMENT,
  `product_name` varchar(25) NOT NULL,
  PRIMARY KEY (`id`)
) ENGINE=InnoDB  DEFAULT CHARSET=latin1 AUTO_INCREMENT=4 ;

--
-- Dumping data for table `investment_products`
--

INSERT INTO `investment_products` (`id`, `product_name`) VALUES
(1, 'Fixed Income'),
(2, 'Equity'),
(3, 'Fixed Income & Equity');

-- --------------------------------------------------------

--
-- Table structure for table `investment_returns`
--

CREATE TABLE IF NOT EXISTS `investment_returns` (
  `id` int(11) NOT NULL AUTO_INCREMENT,
  `user_id` int(11) DEFAULT NULL,
  `reinvestment_id` int(11) DEFAULT NULL,
  `cash_receipt_mode_id` int(3) DEFAULT NULL,
  `instruction_id` int(3) DEFAULT NULL,
  `principal` decimal(11,2) DEFAULT '0.00',
  `interest` decimal(11,2) DEFAULT '0.00',
  `returns` decimal(11,2) DEFAULT '0.00',
  `rate` decimal(6,2) DEFAULT '0.00',
  `penalty` decimal(6,2) DEFAULT '0.00',
  `cheque_nos` varchar(30) DEFAULT NULL,
  `return_type` enum('Matured','Rolled_over','Terminated') DEFAULT NULL,
  `date` date DEFAULT NULL,
  `created` datetime DEFAULT NULL,
  `modified` datetime DEFAULT NULL,
  PRIMARY KEY (`id`)
) ENGINE=InnoDB DEFAULT CHARSET=latin1 AUTO_INCREMENT=1 ;

-- --------------------------------------------------------

--
-- Table structure for table `investment_statements`
--

CREATE TABLE IF NOT EXISTS `investment_statements` (
  `id` int(11) NOT NULL AUTO_INCREMENT,
  `investment_id` int(11) DEFAULT NULL,
  `investor_id` int(11) DEFAULT NULL,
  `user_id` int(11) DEFAULT NULL,
  `principal` decimal(11,2) DEFAULT '0.00',
  `interest` decimal(11,2) DEFAULT '0.00',
  `total` decimal(11,2) DEFAULT '0.00',
  `maturity_date` date DEFAULT NULL,
  `created` datetime DEFAULT NULL,
  `modified` datetime DEFAULT NULL,
  PRIMARY KEY (`id`)
) ENGINE=InnoDB  DEFAULT CHARSET=latin1 AUTO_INCREMENT=426 ;

--
-- Dumping data for table `investment_statements`
--

INSERT INTO `investment_statements` (`id`, `investment_id`, `investor_id`, `user_id`, `principal`, `interest`, `total`, `maturity_date`, `created`, `modified`) VALUES
(1, 3, 1, 1, '1000.00', '0.63', '1000.63', '2015-06-10', '2015-06-09 10:14:18', '2015-06-09 10:14:18'),
(2, 3, 1, 1, '1000.00', '0.63', '1000.63', '2015-06-11', '2015-06-09 10:14:18', '2015-06-09 10:14:18'),
(3, 3, 1, 1, '1000.00', '0.63', '1000.63', '2015-06-12', '2015-06-09 10:14:18', '2015-06-09 10:14:18'),
(4, 3, 1, 1, '1000.00', '0.63', '1000.63', '2015-06-13', '2015-06-09 10:14:18', '2015-06-09 10:14:18'),
(5, 3, 1, 1, '1000.00', '0.63', '1000.63', '2015-06-14', '2015-06-09 10:14:18', '2015-06-09 10:14:18'),
(6, 3, 1, 1, '1000.00', '0.63', '1000.63', '2015-06-15', '2015-06-09 10:14:18', '2015-06-09 10:14:18'),
(7, 3, 1, 1, '1000.00', '0.63', '1000.63', '2015-06-16', '2015-06-09 10:14:18', '2015-06-09 10:14:18'),
(8, 3, 1, 1, '1000.00', '0.63', '1000.63', '2015-06-17', '2015-06-09 10:14:18', '2015-06-09 10:14:18'),
(9, 3, 1, 1, '1000.00', '0.63', '1000.63', '2015-06-18', '2015-06-09 10:14:18', '2015-06-09 10:14:18'),
(10, 3, 1, 1, '1000.00', '0.63', '1000.63', '2015-06-19', '2015-06-09 10:14:18', '2015-06-09 10:14:18'),
(11, 3, 1, 1, '1000.00', '0.63', '1000.63', '2015-06-20', '2015-06-09 10:14:18', '2015-06-09 10:14:18'),
(12, 3, 1, 1, '1000.00', '0.63', '1000.63', '2015-06-21', '2015-06-09 10:14:18', '2015-06-09 10:14:18'),
(13, 3, 1, 1, '1000.00', '0.63', '1000.63', '2015-06-22', '2015-06-09 10:14:18', '2015-06-09 10:14:18'),
(14, 3, 1, 1, '1000.00', '0.63', '1000.63', '2015-06-23', '2015-06-09 10:14:18', '2015-06-09 10:14:18'),
(15, 3, 1, 1, '1000.00', '0.63', '1000.63', '2015-06-24', '2015-06-09 10:14:18', '2015-06-09 10:14:18'),
(16, 3, 1, 1, '1000.00', '0.63', '1000.63', '2015-06-25', '2015-06-09 10:14:18', '2015-06-09 10:14:18'),
(17, 3, 1, 1, '1000.00', '0.63', '1000.63', '2015-06-26', '2015-06-09 10:14:18', '2015-06-09 10:14:18'),
(18, 3, 1, 1, '1000.00', '0.63', '1000.63', '2015-06-27', '2015-06-09 10:14:18', '2015-06-09 10:14:18'),
(19, 3, 1, 1, '1000.00', '0.63', '1000.63', '2015-06-28', '2015-06-09 10:14:18', '2015-06-09 10:14:18'),
(20, 3, 1, 1, '1000.00', '0.63', '1000.63', '2015-06-29', '2015-06-09 10:14:18', '2015-06-09 10:14:18'),
(21, 3, 1, 1, '1000.00', '0.63', '1000.63', '2015-06-30', '2015-06-09 10:14:18', '2015-06-09 10:14:18'),
(22, 3, 1, 1, '1000.00', '0.63', '1000.63', '2015-07-01', '2015-06-09 10:14:18', '2015-06-09 10:14:18'),
(23, 3, 1, 1, '1000.00', '0.63', '1000.63', '2015-07-02', '2015-06-09 10:14:18', '2015-06-09 10:14:18'),
(24, 3, 1, 1, '1000.00', '0.63', '1000.63', '2015-07-03', '2015-06-09 10:14:18', '2015-06-09 10:14:18'),
(25, 3, 1, 1, '1000.00', '0.63', '1000.63', '2015-07-04', '2015-06-09 10:14:18', '2015-06-09 10:14:18'),
(26, 3, 1, 1, '1000.00', '0.63', '1000.63', '2015-07-05', '2015-06-09 10:14:18', '2015-06-09 10:14:18'),
(27, 3, 1, 1, '1000.00', '0.63', '1000.63', '2015-07-06', '2015-06-09 10:14:18', '2015-06-09 10:14:18'),
(28, 3, 1, 1, '1000.00', '0.63', '1000.63', '2015-07-07', '2015-06-09 10:14:18', '2015-06-09 10:14:18'),
(29, 3, 1, 1, '1000.00', '0.63', '1000.63', '2015-07-08', '2015-06-09 10:14:18', '2015-06-09 10:14:18'),
(30, 3, 1, 1, '1000.00', '0.63', '1000.63', '2015-07-09', '2015-06-09 10:14:18', '2015-06-09 10:14:18'),
(31, 3, 1, 1, '1000.00', '0.63', '1000.63', '2015-07-10', '2015-06-09 10:14:18', '2015-06-09 10:14:18'),
(32, 3, 1, 1, '1000.00', '0.63', '1000.63', '2015-07-11', '2015-06-09 10:14:18', '2015-06-09 10:14:18'),
(33, 3, 1, 1, '1000.00', '0.63', '1000.63', '2015-07-12', '2015-06-09 10:14:18', '2015-06-09 10:14:18'),
(34, 3, 1, 1, '1000.00', '0.63', '1000.63', '2015-07-13', '2015-06-09 10:14:18', '2015-06-09 10:14:18'),
(35, 3, 1, 1, '1000.00', '0.63', '1000.63', '2015-07-14', '2015-06-09 10:14:18', '2015-06-09 10:14:18'),
(36, 3, 1, 1, '1000.00', '0.63', '1000.63', '2015-07-15', '2015-06-09 10:14:18', '2015-06-09 10:14:18'),
(37, 3, 1, 1, '1000.00', '0.63', '1000.63', '2015-07-16', '2015-06-09 10:14:18', '2015-06-09 10:14:18'),
(38, 3, 1, 1, '1000.00', '0.63', '1000.63', '2015-07-17', '2015-06-09 10:14:18', '2015-06-09 10:14:18'),
(39, 3, 1, 1, '1000.00', '0.63', '1000.63', '2015-07-18', '2015-06-09 10:14:18', '2015-06-09 10:14:18'),
(40, 3, 1, 1, '1000.00', '0.63', '1000.63', '2015-07-19', '2015-06-09 10:14:18', '2015-06-09 10:14:18'),
(41, 3, 1, 1, '1000.00', '0.63', '1000.63', '2015-07-20', '2015-06-09 10:14:18', '2015-06-09 10:14:18'),
(42, 3, 1, 1, '1000.00', '0.63', '1000.63', '2015-07-21', '2015-06-09 10:14:18', '2015-06-09 10:14:18'),
(43, 3, 1, 1, '1000.00', '0.63', '1000.63', '2015-07-22', '2015-06-09 10:14:18', '2015-06-09 10:14:18'),
(44, 3, 1, 1, '1000.00', '0.63', '1000.63', '2015-07-23', '2015-06-09 10:14:18', '2015-06-09 10:14:18'),
(45, 3, 1, 1, '1000.00', '0.63', '1000.63', '2015-07-24', '2015-06-09 10:14:18', '2015-06-09 10:14:18'),
(46, 3, 1, 1, '1000.00', '0.63', '1000.63', '2015-07-25', '2015-06-09 10:14:18', '2015-06-09 10:14:18'),
(47, 3, 1, 1, '1000.00', '0.63', '1000.63', '2015-07-26', '2015-06-09 10:14:18', '2015-06-09 10:14:18'),
(48, 3, 1, 1, '1000.00', '0.63', '1000.63', '2015-07-27', '2015-06-09 10:14:18', '2015-06-09 10:14:18'),
(49, 3, 1, 1, '1000.00', '0.63', '1000.63', '2015-07-28', '2015-06-09 10:14:18', '2015-06-09 10:14:18'),
(50, 3, 1, 1, '1000.00', '0.63', '1000.63', '2015-07-29', '2015-06-09 10:14:18', '2015-06-09 10:14:18'),
(51, 3, 1, 1, '1000.00', '0.63', '1000.63', '2015-07-30', '2015-06-09 10:14:18', '2015-06-09 10:14:18'),
(52, 3, 1, 1, '1000.00', '0.63', '1000.63', '2015-07-31', '2015-06-09 10:14:18', '2015-06-09 10:14:18'),
(53, 3, 1, 1, '1000.00', '0.63', '1000.63', '2015-08-01', '2015-06-09 10:14:18', '2015-06-09 10:14:18'),
(54, 3, 1, 1, '1000.00', '0.63', '1000.63', '2015-08-02', '2015-06-09 10:14:18', '2015-06-09 10:14:18'),
(55, 3, 1, 1, '1000.00', '0.63', '1000.63', '2015-08-03', '2015-06-09 10:14:18', '2015-06-09 10:14:18'),
(56, 3, 1, 1, '1000.00', '0.63', '1000.63', '2015-08-04', '2015-06-09 10:14:18', '2015-06-09 10:14:18'),
(57, 3, 1, 1, '1000.00', '0.63', '1000.63', '2015-08-05', '2015-06-09 10:14:18', '2015-06-09 10:14:18'),
(58, 3, 1, 1, '1000.00', '0.63', '1000.63', '2015-08-06', '2015-06-09 10:14:18', '2015-06-09 10:14:18'),
(59, 3, 1, 1, '1000.00', '0.63', '1000.63', '2015-08-07', '2015-06-09 10:14:18', '2015-06-09 10:14:18'),
(60, 3, 1, 1, '1000.00', '0.63', '1000.63', '2015-08-08', '2015-06-09 10:14:18', '2015-06-09 10:14:18'),
(61, 3, 1, 1, '1000.00', '0.63', '1000.63', '2015-08-09', '2015-06-09 10:14:18', '2015-06-09 10:14:18'),
(62, 3, 1, 1, '1000.00', '0.63', '1000.63', '2015-08-10', '2015-06-09 10:14:18', '2015-06-09 10:14:18'),
(63, 3, 1, 1, '1000.00', '0.63', '1000.63', '2015-08-11', '2015-06-09 10:14:18', '2015-06-09 10:14:18'),
(64, 3, 1, 1, '1000.00', '0.63', '1000.63', '2015-08-12', '2015-06-09 10:14:18', '2015-06-09 10:14:18'),
(65, 3, 1, 1, '1000.00', '0.63', '1000.63', '2015-08-13', '2015-06-09 10:14:18', '2015-06-09 10:14:18'),
(66, 3, 1, 1, '1000.00', '0.63', '1000.63', '2015-08-14', '2015-06-09 10:14:18', '2015-06-09 10:14:18'),
(67, 3, 1, 1, '1000.00', '0.63', '1000.63', '2015-08-15', '2015-06-09 10:14:18', '2015-06-09 10:14:18'),
(68, 3, 1, 1, '1000.00', '0.63', '1000.63', '2015-08-16', '2015-06-09 10:14:18', '2015-06-09 10:14:18'),
(69, 3, 1, 1, '1000.00', '0.63', '1000.63', '2015-08-17', '2015-06-09 10:14:18', '2015-06-09 10:14:18'),
(70, 3, 1, 1, '1000.00', '0.63', '1000.63', '2015-08-18', '2015-06-09 10:14:18', '2015-06-09 10:14:18'),
(71, 3, 1, 1, '1000.00', '0.63', '1000.63', '2015-08-19', '2015-06-09 10:14:18', '2015-06-09 10:14:18'),
(72, 3, 1, 1, '1000.00', '0.63', '1000.63', '2015-08-20', '2015-06-09 10:14:18', '2015-06-09 10:14:18'),
(73, 3, 1, 1, '1000.00', '0.63', '1000.63', '2015-08-21', '2015-06-09 10:14:18', '2015-06-09 10:14:18'),
(74, 3, 1, 1, '1000.00', '0.63', '1000.63', '2015-08-22', '2015-06-09 10:14:18', '2015-06-09 10:14:18'),
(75, 3, 1, 1, '1000.00', '0.63', '1000.63', '2015-08-23', '2015-06-09 10:14:18', '2015-06-09 10:14:18'),
(76, 3, 1, 1, '1000.00', '0.63', '1000.63', '2015-08-24', '2015-06-09 10:14:18', '2015-06-09 10:14:18'),
(77, 3, 1, 1, '1000.00', '0.63', '1000.63', '2015-08-25', '2015-06-09 10:14:18', '2015-06-09 10:14:18'),
(78, 3, 1, 1, '1000.00', '0.63', '1000.63', '2015-08-26', '2015-06-09 10:14:18', '2015-06-09 10:14:18'),
(79, 3, 1, 1, '1000.00', '0.63', '1000.63', '2015-08-27', '2015-06-09 10:14:18', '2015-06-09 10:14:18'),
(80, 3, 1, 1, '1000.00', '0.63', '1000.63', '2015-08-28', '2015-06-09 10:14:18', '2015-06-09 10:14:18'),
(81, 3, 1, 1, '1000.00', '0.63', '1000.63', '2015-08-29', '2015-06-09 10:14:18', '2015-06-09 10:14:18'),
(82, 3, 1, 1, '1000.00', '0.63', '1000.63', '2015-08-30', '2015-06-09 10:14:18', '2015-06-09 10:14:18'),
(83, 3, 1, 1, '1000.00', '0.63', '1000.63', '2015-08-31', '2015-06-09 10:14:18', '2015-06-09 10:14:18'),
(84, 3, 1, 1, '1000.00', '0.63', '1000.63', '2015-09-01', '2015-06-09 10:14:18', '2015-06-09 10:14:18'),
(85, 3, 1, 1, '1000.00', '0.63', '1000.63', '2015-09-02', '2015-06-09 10:14:18', '2015-06-09 10:14:18'),
(86, 3, 1, 1, '1000.00', '0.63', '1000.63', '2015-09-03', '2015-06-09 10:14:18', '2015-06-09 10:14:18'),
(87, 3, 1, 1, '1000.00', '0.63', '1000.63', '2015-09-04', '2015-06-09 10:14:18', '2015-06-09 10:14:18'),
(88, 3, 1, 1, '1000.00', '0.63', '1000.63', '2015-09-05', '2015-06-09 10:14:18', '2015-06-09 10:14:18'),
(89, 3, 1, 1, '1000.00', '0.63', '1000.63', '2015-09-06', '2015-06-09 10:14:18', '2015-06-09 10:14:18'),
(90, 3, 1, 1, '1000.00', '0.63', '1000.63', '2015-09-07', '2015-06-09 10:14:18', '2015-06-09 10:14:18'),
(91, 3, 1, 1, '1000.00', '0.63', '1000.63', '2015-09-08', '2015-06-09 10:14:18', '2015-06-09 10:14:18'),
(92, 4, 1, 1, '200.00', '46.00', '246.00', '2016-06-09', '2015-06-09 10:20:06', '2015-06-09 10:20:06'),
(93, 5, 1, 1, '100.00', '23.00', '123.00', '2016-06-12', '2015-06-12 15:10:37', '2015-06-12 15:10:37'),
(94, 7, 1, 1, '600.00', '0.38', '600.38', '2015-06-18', '2015-06-17 11:52:39', '2015-06-17 11:52:39'),
(95, 7, 1, 1, '600.00', '0.38', '600.38', '2015-06-19', '2015-06-17 11:52:39', '2015-06-17 11:52:39'),
(96, 7, 1, 1, '600.00', '0.38', '600.38', '2015-06-20', '2015-06-17 11:52:39', '2015-06-17 11:52:39'),
(97, 7, 1, 1, '600.00', '0.38', '600.38', '2015-06-21', '2015-06-17 11:52:39', '2015-06-17 11:52:39'),
(98, 7, 1, 1, '600.00', '0.38', '600.38', '2015-06-22', '2015-06-17 11:52:39', '2015-06-17 11:52:39'),
(99, 7, 1, 1, '600.00', '0.38', '600.38', '2015-06-23', '2015-06-17 11:52:39', '2015-06-17 11:52:39'),
(100, 7, 1, 1, '600.00', '0.38', '600.38', '2015-06-24', '2015-06-17 11:52:39', '2015-06-17 11:52:39'),
(101, 7, 1, 1, '600.00', '0.38', '600.38', '2015-06-25', '2015-06-17 11:52:39', '2015-06-17 11:52:39'),
(102, 7, 1, 1, '600.00', '0.38', '600.38', '2015-06-26', '2015-06-17 11:52:39', '2015-06-17 11:52:39'),
(103, 7, 1, 1, '600.00', '0.38', '600.38', '2015-06-27', '2015-06-17 11:52:39', '2015-06-17 11:52:39'),
(104, 7, 1, 1, '600.00', '0.38', '600.38', '2015-06-28', '2015-06-17 11:52:39', '2015-06-17 11:52:39'),
(105, 7, 1, 1, '600.00', '0.38', '600.38', '2015-06-29', '2015-06-17 11:52:39', '2015-06-17 11:52:39'),
(106, 7, 1, 1, '600.00', '0.38', '600.38', '2015-06-30', '2015-06-17 11:52:39', '2015-06-17 11:52:39'),
(107, 7, 1, 1, '600.00', '0.38', '600.38', '2015-07-01', '2015-06-17 11:52:39', '2015-06-17 11:52:39'),
(108, 7, 1, 1, '600.00', '0.38', '600.38', '2015-07-02', '2015-06-17 11:52:39', '2015-06-17 11:52:39'),
(109, 7, 1, 1, '600.00', '0.38', '600.38', '2015-07-03', '2015-06-17 11:52:39', '2015-06-17 11:52:39'),
(110, 7, 1, 1, '600.00', '0.38', '600.38', '2015-07-04', '2015-06-17 11:52:39', '2015-06-17 11:52:39'),
(111, 7, 1, 1, '600.00', '0.38', '600.38', '2015-07-05', '2015-06-17 11:52:39', '2015-06-17 11:52:39'),
(112, 7, 1, 1, '600.00', '0.38', '600.38', '2015-07-06', '2015-06-17 11:52:39', '2015-06-17 11:52:39'),
(113, 7, 1, 1, '600.00', '0.38', '600.38', '2015-07-07', '2015-06-17 11:52:39', '2015-06-17 11:52:39'),
(114, 7, 1, 1, '600.00', '0.38', '600.38', '2015-07-08', '2015-06-17 11:52:39', '2015-06-17 11:52:39'),
(115, 7, 1, 1, '600.00', '0.38', '600.38', '2015-07-09', '2015-06-17 11:52:39', '2015-06-17 11:52:39'),
(116, 7, 1, 1, '600.00', '0.38', '600.38', '2015-07-10', '2015-06-17 11:52:39', '2015-06-17 11:52:39'),
(117, 7, 1, 1, '600.00', '0.38', '600.38', '2015-07-11', '2015-06-17 11:52:39', '2015-06-17 11:52:39'),
(118, 7, 1, 1, '600.00', '0.38', '600.38', '2015-07-12', '2015-06-17 11:52:39', '2015-06-17 11:52:39'),
(119, 7, 1, 1, '600.00', '0.38', '600.38', '2015-07-13', '2015-06-17 11:52:39', '2015-06-17 11:52:39'),
(120, 7, 1, 1, '600.00', '0.38', '600.38', '2015-07-14', '2015-06-17 11:52:39', '2015-06-17 11:52:39'),
(121, 7, 1, 1, '600.00', '0.38', '600.38', '2015-07-15', '2015-06-17 11:52:39', '2015-06-17 11:52:39'),
(122, 7, 1, 1, '600.00', '0.38', '600.38', '2015-07-16', '2015-06-17 11:52:39', '2015-06-17 11:52:39'),
(123, 7, 1, 1, '600.00', '0.38', '600.38', '2015-07-17', '2015-06-17 11:52:39', '2015-06-17 11:52:39'),
(124, 7, 1, 1, '600.00', '0.38', '600.38', '2015-07-18', '2015-06-17 11:52:39', '2015-06-17 11:52:39'),
(125, 7, 1, 1, '600.00', '0.38', '600.38', '2015-07-19', '2015-06-17 11:52:39', '2015-06-17 11:52:39'),
(126, 7, 1, 1, '600.00', '0.38', '600.38', '2015-07-20', '2015-06-17 11:52:39', '2015-06-17 11:52:39'),
(127, 7, 1, 1, '600.00', '0.38', '600.38', '2015-07-21', '2015-06-17 11:52:39', '2015-06-17 11:52:39'),
(128, 7, 1, 1, '600.00', '0.38', '600.38', '2015-07-22', '2015-06-17 11:52:39', '2015-06-17 11:52:39'),
(129, 7, 1, 1, '600.00', '0.38', '600.38', '2015-07-23', '2015-06-17 11:52:39', '2015-06-17 11:52:39'),
(130, 7, 1, 1, '600.00', '0.38', '600.38', '2015-07-24', '2015-06-17 11:52:39', '2015-06-17 11:52:39'),
(131, 7, 1, 1, '600.00', '0.38', '600.38', '2015-07-25', '2015-06-17 11:52:39', '2015-06-17 11:52:39'),
(132, 7, 1, 1, '600.00', '0.38', '600.38', '2015-07-26', '2015-06-17 11:52:39', '2015-06-17 11:52:39'),
(133, 7, 1, 1, '600.00', '0.38', '600.38', '2015-07-27', '2015-06-17 11:52:39', '2015-06-17 11:52:39'),
(134, 7, 1, 1, '600.00', '0.38', '600.38', '2015-07-28', '2015-06-17 11:52:39', '2015-06-17 11:52:39'),
(135, 7, 1, 1, '600.00', '0.38', '600.38', '2015-07-29', '2015-06-17 11:52:39', '2015-06-17 11:52:39'),
(136, 7, 1, 1, '600.00', '0.38', '600.38', '2015-07-30', '2015-06-17 11:52:39', '2015-06-17 11:52:39'),
(137, 7, 1, 1, '600.00', '0.38', '600.38', '2015-07-31', '2015-06-17 11:52:39', '2015-06-17 11:52:39'),
(138, 7, 1, 1, '600.00', '0.38', '600.38', '2015-08-01', '2015-06-17 11:52:39', '2015-06-17 11:52:39'),
(139, 7, 1, 1, '600.00', '0.38', '600.38', '2015-08-02', '2015-06-17 11:52:39', '2015-06-17 11:52:39'),
(140, 7, 1, 1, '600.00', '0.38', '600.38', '2015-08-03', '2015-06-17 11:52:39', '2015-06-17 11:52:39'),
(141, 7, 1, 1, '600.00', '0.38', '600.38', '2015-08-04', '2015-06-17 11:52:39', '2015-06-17 11:52:39'),
(142, 7, 1, 1, '600.00', '0.38', '600.38', '2015-08-05', '2015-06-17 11:52:39', '2015-06-17 11:52:39'),
(143, 7, 1, 1, '600.00', '0.38', '600.38', '2015-08-06', '2015-06-17 11:52:39', '2015-06-17 11:52:39'),
(144, 7, 1, 1, '600.00', '0.38', '600.38', '2015-08-07', '2015-06-17 11:52:39', '2015-06-17 11:52:39'),
(145, 7, 1, 1, '600.00', '0.38', '600.38', '2015-08-08', '2015-06-17 11:52:39', '2015-06-17 11:52:39'),
(146, 7, 1, 1, '600.00', '0.38', '600.38', '2015-08-09', '2015-06-17 11:52:39', '2015-06-17 11:52:39'),
(147, 7, 1, 1, '600.00', '0.38', '600.38', '2015-08-10', '2015-06-17 11:52:39', '2015-06-17 11:52:39'),
(148, 7, 1, 1, '600.00', '0.38', '600.38', '2015-08-11', '2015-06-17 11:52:39', '2015-06-17 11:52:39'),
(149, 7, 1, 1, '600.00', '0.38', '600.38', '2015-08-12', '2015-06-17 11:52:39', '2015-06-17 11:52:39'),
(150, 7, 1, 1, '600.00', '0.38', '600.38', '2015-08-13', '2015-06-17 11:52:39', '2015-06-17 11:52:39'),
(151, 7, 1, 1, '600.00', '0.38', '600.38', '2015-08-14', '2015-06-17 11:52:39', '2015-06-17 11:52:39'),
(152, 7, 1, 1, '600.00', '0.38', '600.38', '2015-08-15', '2015-06-17 11:52:39', '2015-06-17 11:52:39'),
(153, 7, 1, 1, '600.00', '0.38', '600.38', '2015-08-16', '2015-06-17 11:52:39', '2015-06-17 11:52:39'),
(154, 7, 1, 1, '600.00', '0.38', '600.38', '2015-08-17', '2015-06-17 11:52:39', '2015-06-17 11:52:39'),
(155, 7, 1, 1, '600.00', '0.38', '600.38', '2015-08-18', '2015-06-17 11:52:39', '2015-06-17 11:52:39'),
(156, 7, 1, 1, '600.00', '0.38', '600.38', '2015-08-19', '2015-06-17 11:52:39', '2015-06-17 11:52:39'),
(157, 7, 1, 1, '600.00', '0.38', '600.38', '2015-08-20', '2015-06-17 11:52:39', '2015-06-17 11:52:39'),
(158, 7, 1, 1, '600.00', '0.38', '600.38', '2015-08-21', '2015-06-17 11:52:39', '2015-06-17 11:52:39'),
(159, 7, 1, 1, '600.00', '0.38', '600.38', '2015-08-22', '2015-06-17 11:52:39', '2015-06-17 11:52:39'),
(160, 7, 1, 1, '600.00', '0.38', '600.38', '2015-08-23', '2015-06-17 11:52:39', '2015-06-17 11:52:39'),
(161, 7, 1, 1, '600.00', '0.38', '600.38', '2015-08-24', '2015-06-17 11:52:39', '2015-06-17 11:52:39'),
(162, 7, 1, 1, '600.00', '0.38', '600.38', '2015-08-25', '2015-06-17 11:52:39', '2015-06-17 11:52:39'),
(163, 7, 1, 1, '600.00', '0.38', '600.38', '2015-08-26', '2015-06-17 11:52:39', '2015-06-17 11:52:39'),
(164, 7, 1, 1, '600.00', '0.38', '600.38', '2015-08-27', '2015-06-17 11:52:39', '2015-06-17 11:52:39'),
(165, 7, 1, 1, '600.00', '0.38', '600.38', '2015-08-28', '2015-06-17 11:52:39', '2015-06-17 11:52:39'),
(166, 7, 1, 1, '600.00', '0.38', '600.38', '2015-08-29', '2015-06-17 11:52:39', '2015-06-17 11:52:39'),
(167, 7, 1, 1, '600.00', '0.38', '600.38', '2015-08-30', '2015-06-17 11:52:39', '2015-06-17 11:52:39'),
(168, 7, 1, 1, '600.00', '0.38', '600.38', '2015-08-31', '2015-06-17 11:52:39', '2015-06-17 11:52:39'),
(169, 7, 1, 1, '600.00', '0.38', '600.38', '2015-09-01', '2015-06-17 11:52:39', '2015-06-17 11:52:39'),
(170, 7, 1, 1, '600.00', '0.38', '600.38', '2015-09-02', '2015-06-17 11:52:39', '2015-06-17 11:52:39'),
(171, 7, 1, 1, '600.00', '0.38', '600.38', '2015-09-03', '2015-06-17 11:52:39', '2015-06-17 11:52:39'),
(172, 7, 1, 1, '600.00', '0.38', '600.38', '2015-09-04', '2015-06-17 11:52:39', '2015-06-17 11:52:39'),
(173, 7, 1, 1, '600.00', '0.38', '600.38', '2015-09-05', '2015-06-17 11:52:39', '2015-06-17 11:52:39'),
(174, 7, 1, 1, '600.00', '0.38', '600.38', '2015-09-06', '2015-06-17 11:52:39', '2015-06-17 11:52:39'),
(175, 7, 1, 1, '600.00', '0.38', '600.38', '2015-09-07', '2015-06-17 11:52:39', '2015-06-17 11:52:39'),
(176, 7, 1, 1, '600.00', '0.38', '600.38', '2015-09-08', '2015-06-17 11:52:39', '2015-06-17 11:52:39'),
(177, 7, 1, 1, '600.00', '0.38', '600.38', '2015-09-09', '2015-06-17 11:52:39', '2015-06-17 11:52:39'),
(178, 7, 1, 1, '600.00', '0.38', '600.38', '2015-09-10', '2015-06-17 11:52:39', '2015-06-17 11:52:39'),
(179, 7, 1, 1, '600.00', '0.38', '600.38', '2015-09-11', '2015-06-17 11:52:39', '2015-06-17 11:52:39'),
(180, 7, 1, 1, '600.00', '0.38', '600.38', '2015-09-12', '2015-06-17 11:52:39', '2015-06-17 11:52:39'),
(181, 7, 1, 1, '600.00', '0.38', '600.38', '2015-09-13', '2015-06-17 11:52:39', '2015-06-17 11:52:39'),
(182, 7, 1, 1, '600.00', '0.38', '600.38', '2015-09-14', '2015-06-17 11:52:39', '2015-06-17 11:52:39'),
(183, 7, 1, 1, '600.00', '0.38', '600.38', '2015-09-15', '2015-06-17 11:52:39', '2015-06-17 11:52:39'),
(184, 7, 1, 1, '600.00', '0.38', '600.38', '2015-09-16', '2015-06-17 11:52:39', '2015-06-17 11:52:39'),
(185, 8, 1, 1, '200.00', '0.13', '200.13', '2015-06-02', '2015-06-17 12:34:58', '2015-06-17 12:34:58'),
(186, 8, 1, 1, '200.00', '0.13', '200.13', '2015-06-03', '2015-06-17 12:34:58', '2015-06-17 12:34:58'),
(187, 8, 1, 1, '200.00', '0.13', '200.13', '2015-06-04', '2015-06-17 12:34:58', '2015-06-17 12:34:58'),
(188, 8, 1, 1, '200.00', '0.13', '200.13', '2015-06-05', '2015-06-17 12:34:58', '2015-06-17 12:34:58'),
(189, 8, 1, 1, '200.00', '0.13', '200.13', '2015-06-06', '2015-06-17 12:34:58', '2015-06-17 12:34:58'),
(190, 8, 1, 1, '200.00', '0.13', '200.13', '2015-06-07', '2015-06-17 12:34:58', '2015-06-17 12:34:58'),
(191, 8, 1, 1, '200.00', '0.13', '200.13', '2015-06-08', '2015-06-17 12:34:58', '2015-06-17 12:34:58'),
(192, 8, 1, 1, '200.00', '0.13', '200.13', '2015-06-09', '2015-06-17 12:34:58', '2015-06-17 12:34:58'),
(193, 8, 1, 1, '200.00', '0.13', '200.13', '2015-06-10', '2015-06-17 12:34:58', '2015-06-17 12:34:58'),
(194, 8, 1, 1, '200.00', '0.13', '200.13', '2015-06-11', '2015-06-17 12:34:58', '2015-06-17 12:34:58'),
(195, 8, 1, 1, '200.00', '0.13', '200.13', '2015-06-12', '2015-06-17 12:34:58', '2015-06-17 12:34:58'),
(196, 8, 1, 1, '200.00', '0.13', '200.13', '2015-06-13', '2015-06-17 12:34:58', '2015-06-17 12:34:58'),
(197, 8, 1, 1, '200.00', '0.13', '200.13', '2015-06-14', '2015-06-17 12:34:58', '2015-06-17 12:34:58'),
(198, 8, 1, 1, '200.00', '0.13', '200.13', '2015-06-15', '2015-06-17 12:34:58', '2015-06-17 12:34:58'),
(199, 8, 1, 1, '200.00', '0.13', '200.13', '2015-06-16', '2015-06-17 12:34:58', '2015-06-17 12:34:58'),
(200, 8, 1, 1, '200.00', '0.13', '200.13', '2015-06-17', '2015-06-17 12:34:58', '2015-06-17 12:34:58'),
(201, 8, 1, 1, '200.00', '0.13', '200.13', '2015-06-18', '2015-06-17 12:34:58', '2015-06-17 12:34:58'),
(202, 8, 1, 1, '200.00', '0.13', '200.13', '2015-06-19', '2015-06-17 12:34:58', '2015-06-17 12:34:58'),
(203, 8, 1, 1, '200.00', '0.13', '200.13', '2015-06-20', '2015-06-17 12:34:58', '2015-06-17 12:34:58'),
(204, 8, 1, 1, '200.00', '0.13', '200.13', '2015-06-21', '2015-06-17 12:34:58', '2015-06-17 12:34:58'),
(205, 8, 1, 1, '200.00', '0.13', '200.13', '2015-06-22', '2015-06-17 12:34:58', '2015-06-17 12:34:58'),
(206, 8, 1, 1, '200.00', '0.13', '200.13', '2015-06-23', '2015-06-17 12:34:58', '2015-06-17 12:34:58'),
(207, 8, 1, 1, '200.00', '0.13', '200.13', '2015-06-24', '2015-06-17 12:34:58', '2015-06-17 12:34:58'),
(208, 8, 1, 1, '200.00', '0.13', '200.13', '2015-06-25', '2015-06-17 12:34:58', '2015-06-17 12:34:58'),
(209, 8, 1, 1, '200.00', '0.13', '200.13', '2015-06-26', '2015-06-17 12:34:58', '2015-06-17 12:34:58'),
(210, 8, 1, 1, '200.00', '0.13', '200.13', '2015-06-27', '2015-06-17 12:34:58', '2015-06-17 12:34:58'),
(211, 8, 1, 1, '200.00', '0.13', '200.13', '2015-06-28', '2015-06-17 12:34:58', '2015-06-17 12:34:58'),
(212, 8, 1, 1, '200.00', '0.13', '200.13', '2015-06-29', '2015-06-17 12:34:58', '2015-06-17 12:34:58'),
(213, 8, 1, 1, '200.00', '0.13', '200.13', '2015-06-30', '2015-06-17 12:34:58', '2015-06-17 12:34:58'),
(214, 8, 1, 1, '200.00', '0.13', '200.13', '2015-07-01', '2015-06-17 12:34:58', '2015-06-17 12:34:58'),
(215, 8, 1, 1, '200.00', '0.13', '200.13', '2015-07-02', '2015-06-17 12:34:58', '2015-06-17 12:34:58'),
(216, 8, 1, 1, '200.00', '0.13', '200.13', '2015-07-03', '2015-06-17 12:34:58', '2015-06-17 12:34:58'),
(217, 8, 1, 1, '200.00', '0.13', '200.13', '2015-07-04', '2015-06-17 12:34:58', '2015-06-17 12:34:58'),
(218, 8, 1, 1, '200.00', '0.13', '200.13', '2015-07-05', '2015-06-17 12:34:58', '2015-06-17 12:34:58'),
(219, 8, 1, 1, '200.00', '0.13', '200.13', '2015-07-06', '2015-06-17 12:34:58', '2015-06-17 12:34:58'),
(220, 8, 1, 1, '200.00', '0.13', '200.13', '2015-07-07', '2015-06-17 12:34:58', '2015-06-17 12:34:58'),
(221, 8, 1, 1, '200.00', '0.13', '200.13', '2015-07-08', '2015-06-17 12:34:58', '2015-06-17 12:34:58'),
(222, 8, 1, 1, '200.00', '0.13', '200.13', '2015-07-09', '2015-06-17 12:34:58', '2015-06-17 12:34:58'),
(223, 8, 1, 1, '200.00', '0.13', '200.13', '2015-07-10', '2015-06-17 12:34:58', '2015-06-17 12:34:58'),
(224, 8, 1, 1, '200.00', '0.13', '200.13', '2015-07-11', '2015-06-17 12:34:58', '2015-06-17 12:34:58'),
(225, 8, 1, 1, '200.00', '0.13', '200.13', '2015-07-12', '2015-06-17 12:34:58', '2015-06-17 12:34:58'),
(226, 8, 1, 1, '200.00', '0.13', '200.13', '2015-07-13', '2015-06-17 12:34:58', '2015-06-17 12:34:58'),
(227, 8, 1, 1, '200.00', '0.13', '200.13', '2015-07-14', '2015-06-17 12:34:58', '2015-06-17 12:34:58'),
(228, 8, 1, 1, '200.00', '0.13', '200.13', '2015-07-15', '2015-06-17 12:34:58', '2015-06-17 12:34:58'),
(229, 8, 1, 1, '200.00', '0.13', '200.13', '2015-07-16', '2015-06-17 12:34:58', '2015-06-17 12:34:58'),
(230, 8, 1, 1, '200.00', '0.13', '200.13', '2015-07-17', '2015-06-17 12:34:58', '2015-06-17 12:34:58'),
(231, 8, 1, 1, '200.00', '0.13', '200.13', '2015-07-18', '2015-06-17 12:34:58', '2015-06-17 12:34:58'),
(232, 8, 1, 1, '200.00', '0.13', '200.13', '2015-07-19', '2015-06-17 12:34:58', '2015-06-17 12:34:58'),
(233, 8, 1, 1, '200.00', '0.13', '200.13', '2015-07-20', '2015-06-17 12:34:58', '2015-06-17 12:34:58'),
(234, 8, 1, 1, '200.00', '0.13', '200.13', '2015-07-21', '2015-06-17 12:34:58', '2015-06-17 12:34:58'),
(235, 8, 1, 1, '200.00', '0.13', '200.13', '2015-07-22', '2015-06-17 12:34:58', '2015-06-17 12:34:58'),
(236, 8, 1, 1, '200.00', '0.13', '200.13', '2015-07-23', '2015-06-17 12:34:58', '2015-06-17 12:34:58'),
(237, 8, 1, 1, '200.00', '0.13', '200.13', '2015-07-24', '2015-06-17 12:34:58', '2015-06-17 12:34:58'),
(238, 8, 1, 1, '200.00', '0.13', '200.13', '2015-07-25', '2015-06-17 12:34:58', '2015-06-17 12:34:58'),
(239, 8, 1, 1, '200.00', '0.13', '200.13', '2015-07-26', '2015-06-17 12:34:58', '2015-06-17 12:34:58'),
(240, 8, 1, 1, '200.00', '0.13', '200.13', '2015-07-27', '2015-06-17 12:34:58', '2015-06-17 12:34:58'),
(241, 8, 1, 1, '200.00', '0.13', '200.13', '2015-07-28', '2015-06-17 12:34:58', '2015-06-17 12:34:58'),
(242, 8, 1, 1, '200.00', '0.13', '200.13', '2015-07-29', '2015-06-17 12:34:58', '2015-06-17 12:34:58'),
(243, 8, 1, 1, '200.00', '0.13', '200.13', '2015-07-30', '2015-06-17 12:34:58', '2015-06-17 12:34:58'),
(244, 8, 1, 1, '200.00', '0.13', '200.13', '2015-07-31', '2015-06-17 12:34:58', '2015-06-17 12:34:58'),
(245, 8, 1, 1, '200.00', '0.13', '200.13', '2015-08-01', '2015-06-17 12:34:58', '2015-06-17 12:34:58'),
(246, 8, 1, 1, '200.00', '0.13', '200.13', '2015-08-02', '2015-06-17 12:34:58', '2015-06-17 12:34:58'),
(247, 8, 1, 1, '200.00', '0.13', '200.13', '2015-08-03', '2015-06-17 12:34:58', '2015-06-17 12:34:58'),
(248, 8, 1, 1, '200.00', '0.13', '200.13', '2015-08-04', '2015-06-17 12:34:58', '2015-06-17 12:34:58'),
(249, 8, 1, 1, '200.00', '0.13', '200.13', '2015-08-05', '2015-06-17 12:34:58', '2015-06-17 12:34:58'),
(250, 8, 1, 1, '200.00', '0.13', '200.13', '2015-08-06', '2015-06-17 12:34:58', '2015-06-17 12:34:58'),
(251, 8, 1, 1, '200.00', '0.13', '200.13', '2015-08-07', '2015-06-17 12:34:58', '2015-06-17 12:34:58'),
(252, 8, 1, 1, '200.00', '0.13', '200.13', '2015-08-08', '2015-06-17 12:34:58', '2015-06-17 12:34:58'),
(253, 8, 1, 1, '200.00', '0.13', '200.13', '2015-08-09', '2015-06-17 12:34:58', '2015-06-17 12:34:58'),
(254, 8, 1, 1, '200.00', '0.13', '200.13', '2015-08-10', '2015-06-17 12:34:58', '2015-06-17 12:34:58'),
(255, 8, 1, 1, '200.00', '0.13', '200.13', '2015-08-11', '2015-06-17 12:34:58', '2015-06-17 12:34:58'),
(256, 8, 1, 1, '200.00', '0.13', '200.13', '2015-08-12', '2015-06-17 12:34:59', '2015-06-17 12:34:59'),
(257, 8, 1, 1, '200.00', '0.13', '200.13', '2015-08-13', '2015-06-17 12:34:59', '2015-06-17 12:34:59'),
(258, 8, 1, 1, '200.00', '0.13', '200.13', '2015-08-14', '2015-06-17 12:34:59', '2015-06-17 12:34:59'),
(259, 8, 1, 1, '200.00', '0.13', '200.13', '2015-08-15', '2015-06-17 12:34:59', '2015-06-17 12:34:59'),
(260, 8, 1, 1, '200.00', '0.13', '200.13', '2015-08-16', '2015-06-17 12:34:59', '2015-06-17 12:34:59'),
(261, 8, 1, 1, '200.00', '0.13', '200.13', '2015-08-17', '2015-06-17 12:34:59', '2015-06-17 12:34:59'),
(262, 8, 1, 1, '200.00', '0.13', '200.13', '2015-08-18', '2015-06-17 12:34:59', '2015-06-17 12:34:59'),
(263, 8, 1, 1, '200.00', '0.13', '200.13', '2015-08-19', '2015-06-17 12:34:59', '2015-06-17 12:34:59'),
(264, 8, 1, 1, '200.00', '0.13', '200.13', '2015-08-20', '2015-06-17 12:34:59', '2015-06-17 12:34:59'),
(265, 8, 1, 1, '200.00', '0.13', '200.13', '2015-08-21', '2015-06-17 12:34:59', '2015-06-17 12:34:59'),
(266, 8, 1, 1, '200.00', '0.13', '200.13', '2015-08-22', '2015-06-17 12:34:59', '2015-06-17 12:34:59'),
(267, 8, 1, 1, '200.00', '0.13', '200.13', '2015-08-23', '2015-06-17 12:34:59', '2015-06-17 12:34:59'),
(268, 8, 1, 1, '200.00', '0.13', '200.13', '2015-08-24', '2015-06-17 12:34:59', '2015-06-17 12:34:59'),
(269, 8, 1, 1, '200.00', '0.13', '200.13', '2015-08-25', '2015-06-17 12:34:59', '2015-06-17 12:34:59'),
(270, 8, 1, 1, '200.00', '0.13', '200.13', '2015-08-26', '2015-06-17 12:34:59', '2015-06-17 12:34:59'),
(271, 8, 1, 1, '200.00', '0.13', '200.13', '2015-08-27', '2015-06-17 12:34:59', '2015-06-17 12:34:59'),
(272, 8, 1, 1, '200.00', '0.13', '200.13', '2015-08-28', '2015-06-17 12:34:59', '2015-06-17 12:34:59'),
(273, 8, 1, 1, '200.00', '0.13', '200.13', '2015-08-29', '2015-06-17 12:34:59', '2015-06-17 12:34:59'),
(274, 8, 1, 1, '200.00', '0.13', '200.13', '2015-08-30', '2015-06-17 12:34:59', '2015-06-17 12:34:59'),
(275, 8, 1, 1, '200.00', '0.13', '200.13', '2015-08-31', '2015-06-17 12:34:59', '2015-06-17 12:34:59'),
(276, 9, 1, 1, '500.00', '0.32', '500.32', '2015-06-18', '2015-06-17 13:13:34', '2015-06-17 13:13:34'),
(277, 9, 1, 1, '500.00', '0.32', '500.32', '2015-06-19', '2015-06-17 13:13:34', '2015-06-17 13:13:34'),
(278, 9, 1, 1, '500.00', '0.32', '500.32', '2015-06-20', '2015-06-17 13:13:34', '2015-06-17 13:13:34'),
(279, 9, 1, 1, '500.00', '0.32', '500.32', '2015-06-21', '2015-06-17 13:13:34', '2015-06-17 13:13:34'),
(280, 9, 1, 1, '500.00', '0.32', '500.32', '2015-06-22', '2015-06-17 13:13:34', '2015-06-17 13:13:34'),
(281, 9, 1, 1, '500.00', '0.32', '500.32', '2015-06-23', '2015-06-17 13:13:34', '2015-06-17 13:13:34'),
(282, 9, 1, 1, '500.00', '0.32', '500.32', '2015-06-24', '2015-06-17 13:13:34', '2015-06-17 13:13:34'),
(283, 9, 1, 1, '500.00', '0.32', '500.32', '2015-06-25', '2015-06-17 13:13:34', '2015-06-17 13:13:34'),
(284, 9, 1, 1, '500.00', '0.32', '500.32', '2015-06-26', '2015-06-17 13:13:34', '2015-06-17 13:13:34'),
(285, 9, 1, 1, '500.00', '0.32', '500.32', '2015-06-27', '2015-06-17 13:13:34', '2015-06-17 13:13:34'),
(286, 9, 1, 1, '500.00', '0.32', '500.32', '2015-06-28', '2015-06-17 13:13:34', '2015-06-17 13:13:34'),
(287, 9, 1, 1, '500.00', '0.32', '500.32', '2015-06-29', '2015-06-17 13:13:34', '2015-06-17 13:13:34'),
(288, 9, 1, 1, '500.00', '0.32', '500.32', '2015-06-30', '2015-06-17 13:13:34', '2015-06-17 13:13:34'),
(289, 9, 1, 1, '500.00', '0.32', '500.32', '2015-07-01', '2015-06-17 13:13:34', '2015-06-17 13:13:34'),
(290, 9, 1, 1, '500.00', '0.32', '500.32', '2015-07-02', '2015-06-17 13:13:34', '2015-06-17 13:13:34'),
(291, 9, 1, 1, '500.00', '0.32', '500.32', '2015-07-03', '2015-06-17 13:13:34', '2015-06-17 13:13:34'),
(292, 9, 1, 1, '500.00', '0.32', '500.32', '2015-07-04', '2015-06-17 13:13:34', '2015-06-17 13:13:34'),
(293, 9, 1, 1, '500.00', '0.32', '500.32', '2015-07-05', '2015-06-17 13:13:34', '2015-06-17 13:13:34'),
(294, 9, 1, 1, '500.00', '0.32', '500.32', '2015-07-06', '2015-06-17 13:13:34', '2015-06-17 13:13:34'),
(295, 9, 1, 1, '500.00', '0.32', '500.32', '2015-07-07', '2015-06-17 13:13:34', '2015-06-17 13:13:34'),
(296, 9, 1, 1, '500.00', '0.32', '500.32', '2015-07-08', '2015-06-17 13:13:34', '2015-06-17 13:13:34'),
(297, 9, 1, 1, '500.00', '0.32', '500.32', '2015-07-09', '2015-06-17 13:13:34', '2015-06-17 13:13:34'),
(298, 9, 1, 1, '500.00', '0.32', '500.32', '2015-07-10', '2015-06-17 13:13:34', '2015-06-17 13:13:34'),
(299, 9, 1, 1, '500.00', '0.32', '500.32', '2015-07-11', '2015-06-17 13:13:34', '2015-06-17 13:13:34'),
(300, 9, 1, 1, '500.00', '0.32', '500.32', '2015-07-12', '2015-06-17 13:13:34', '2015-06-17 13:13:34'),
(301, 9, 1, 1, '500.00', '0.32', '500.32', '2015-07-13', '2015-06-17 13:13:34', '2015-06-17 13:13:34'),
(302, 9, 1, 1, '500.00', '0.32', '500.32', '2015-07-14', '2015-06-17 13:13:34', '2015-06-17 13:13:34'),
(303, 9, 1, 1, '500.00', '0.32', '500.32', '2015-07-15', '2015-06-17 13:13:34', '2015-06-17 13:13:34'),
(304, 9, 1, 1, '500.00', '0.32', '500.32', '2015-07-16', '2015-06-17 13:13:34', '2015-06-17 13:13:34'),
(305, 9, 1, 1, '500.00', '0.32', '500.32', '2015-07-17', '2015-06-17 13:13:34', '2015-06-17 13:13:34'),
(306, 9, 1, 1, '500.00', '0.32', '500.32', '2015-07-18', '2015-06-17 13:13:34', '2015-06-17 13:13:34'),
(307, 9, 1, 1, '500.00', '0.32', '500.32', '2015-07-19', '2015-06-17 13:13:34', '2015-06-17 13:13:34'),
(308, 9, 1, 1, '500.00', '0.32', '500.32', '2015-07-20', '2015-06-17 13:13:34', '2015-06-17 13:13:34'),
(309, 9, 1, 1, '500.00', '0.32', '500.32', '2015-07-21', '2015-06-17 13:13:34', '2015-06-17 13:13:34'),
(310, 9, 1, 1, '500.00', '0.32', '500.32', '2015-07-22', '2015-06-17 13:13:34', '2015-06-17 13:13:34'),
(311, 9, 1, 1, '500.00', '0.32', '500.32', '2015-07-23', '2015-06-17 13:13:34', '2015-06-17 13:13:34'),
(312, 9, 1, 1, '500.00', '0.32', '500.32', '2015-07-24', '2015-06-17 13:13:34', '2015-06-17 13:13:34'),
(313, 9, 1, 1, '500.00', '0.32', '500.32', '2015-07-25', '2015-06-17 13:13:34', '2015-06-17 13:13:34'),
(314, 9, 1, 1, '500.00', '0.32', '500.32', '2015-07-26', '2015-06-17 13:13:34', '2015-06-17 13:13:34'),
(315, 9, 1, 1, '500.00', '0.32', '500.32', '2015-07-27', '2015-06-17 13:13:34', '2015-06-17 13:13:34'),
(316, 9, 1, 1, '500.00', '0.32', '500.32', '2015-07-28', '2015-06-17 13:13:34', '2015-06-17 13:13:34'),
(317, 9, 1, 1, '500.00', '0.32', '500.32', '2015-07-29', '2015-06-17 13:13:34', '2015-06-17 13:13:34'),
(318, 9, 1, 1, '500.00', '0.32', '500.32', '2015-07-30', '2015-06-17 13:13:34', '2015-06-17 13:13:34'),
(319, 9, 1, 1, '500.00', '0.32', '500.32', '2015-07-31', '2015-06-17 13:13:34', '2015-06-17 13:13:34'),
(320, 9, 1, 1, '500.00', '0.32', '500.32', '2015-08-01', '2015-06-17 13:13:34', '2015-06-17 13:13:34'),
(321, 9, 1, 1, '500.00', '0.32', '500.32', '2015-08-02', '2015-06-17 13:13:34', '2015-06-17 13:13:34'),
(322, 9, 1, 1, '500.00', '0.32', '500.32', '2015-08-03', '2015-06-17 13:13:34', '2015-06-17 13:13:34'),
(323, 9, 1, 1, '500.00', '0.32', '500.32', '2015-08-04', '2015-06-17 13:13:34', '2015-06-17 13:13:34'),
(324, 9, 1, 1, '500.00', '0.32', '500.32', '2015-08-05', '2015-06-17 13:13:34', '2015-06-17 13:13:34'),
(325, 9, 1, 1, '500.00', '0.32', '500.32', '2015-08-06', '2015-06-17 13:13:34', '2015-06-17 13:13:34'),
(326, 9, 1, 1, '500.00', '0.32', '500.32', '2015-08-07', '2015-06-17 13:13:34', '2015-06-17 13:13:34'),
(327, 9, 1, 1, '500.00', '0.32', '500.32', '2015-08-08', '2015-06-17 13:13:34', '2015-06-17 13:13:34'),
(328, 9, 1, 1, '500.00', '0.32', '500.32', '2015-08-09', '2015-06-17 13:13:34', '2015-06-17 13:13:34'),
(329, 9, 1, 1, '500.00', '0.32', '500.32', '2015-08-10', '2015-06-17 13:13:34', '2015-06-17 13:13:34'),
(330, 9, 1, 1, '500.00', '0.32', '500.32', '2015-08-11', '2015-06-17 13:13:34', '2015-06-17 13:13:34'),
(331, 9, 1, 1, '500.00', '0.32', '500.32', '2015-08-12', '2015-06-17 13:13:34', '2015-06-17 13:13:34'),
(332, 9, 1, 1, '500.00', '0.32', '500.32', '2015-08-13', '2015-06-17 13:13:34', '2015-06-17 13:13:34'),
(333, 9, 1, 1, '500.00', '0.32', '500.32', '2015-08-14', '2015-06-17 13:13:34', '2015-06-17 13:13:34'),
(334, 9, 1, 1, '500.00', '0.32', '500.32', '2015-08-15', '2015-06-17 13:13:34', '2015-06-17 13:13:34'),
(335, 9, 1, 1, '500.00', '0.32', '500.32', '2015-08-16', '2015-06-17 13:13:34', '2015-06-17 13:13:34'),
(336, 10, 1, 1, '500.00', '0.32', '500.32', '2015-06-19', '2015-06-18 09:43:59', '2015-06-18 09:43:59'),
(337, 10, 1, 1, '500.00', '0.32', '500.32', '2015-06-20', '2015-06-18 09:43:59', '2015-06-18 09:43:59'),
(338, 10, 1, 1, '500.00', '0.32', '500.32', '2015-06-21', '2015-06-18 09:43:59', '2015-06-18 09:43:59'),
(339, 10, 1, 1, '500.00', '0.32', '500.32', '2015-06-22', '2015-06-18 09:43:59', '2015-06-18 09:43:59'),
(340, 10, 1, 1, '500.00', '0.32', '500.32', '2015-06-23', '2015-06-18 09:43:59', '2015-06-18 09:43:59'),
(341, 10, 1, 1, '500.00', '0.32', '500.32', '2015-06-24', '2015-06-18 09:43:59', '2015-06-18 09:43:59'),
(342, 10, 1, 1, '500.00', '0.32', '500.32', '2015-06-25', '2015-06-18 09:43:59', '2015-06-18 09:43:59'),
(343, 10, 1, 1, '500.00', '0.32', '500.32', '2015-06-26', '2015-06-18 09:43:59', '2015-06-18 09:43:59'),
(344, 10, 1, 1, '500.00', '0.32', '500.32', '2015-06-27', '2015-06-18 09:43:59', '2015-06-18 09:43:59'),
(345, 10, 1, 1, '500.00', '0.32', '500.32', '2015-06-28', '2015-06-18 09:43:59', '2015-06-18 09:43:59'),
(346, 10, 1, 1, '500.00', '0.32', '500.32', '2015-06-29', '2015-06-18 09:43:59', '2015-06-18 09:43:59'),
(347, 10, 1, 1, '500.00', '0.32', '500.32', '2015-06-30', '2015-06-18 09:43:59', '2015-06-18 09:43:59'),
(348, 10, 1, 1, '500.00', '0.32', '500.32', '2015-07-01', '2015-06-18 09:43:59', '2015-06-18 09:43:59'),
(349, 10, 1, 1, '500.00', '0.32', '500.32', '2015-07-02', '2015-06-18 09:43:59', '2015-06-18 09:43:59'),
(350, 10, 1, 1, '500.00', '0.32', '500.32', '2015-07-03', '2015-06-18 09:43:59', '2015-06-18 09:43:59'),
(351, 10, 1, 1, '500.00', '0.32', '500.32', '2015-07-04', '2015-06-18 09:43:59', '2015-06-18 09:43:59'),
(352, 10, 1, 1, '500.00', '0.32', '500.32', '2015-07-05', '2015-06-18 09:43:59', '2015-06-18 09:43:59'),
(353, 10, 1, 1, '500.00', '0.32', '500.32', '2015-07-06', '2015-06-18 09:43:59', '2015-06-18 09:43:59'),
(354, 10, 1, 1, '500.00', '0.32', '500.32', '2015-07-07', '2015-06-18 09:43:59', '2015-06-18 09:43:59'),
(355, 10, 1, 1, '500.00', '0.32', '500.32', '2015-07-08', '2015-06-18 09:43:59', '2015-06-18 09:43:59'),
(356, 10, 1, 1, '500.00', '0.32', '500.32', '2015-07-09', '2015-06-18 09:43:59', '2015-06-18 09:43:59'),
(357, 10, 1, 1, '500.00', '0.32', '500.32', '2015-07-10', '2015-06-18 09:43:59', '2015-06-18 09:43:59'),
(358, 10, 1, 1, '500.00', '0.32', '500.32', '2015-07-11', '2015-06-18 09:43:59', '2015-06-18 09:43:59'),
(359, 10, 1, 1, '500.00', '0.32', '500.32', '2015-07-12', '2015-06-18 09:43:59', '2015-06-18 09:43:59'),
(360, 10, 1, 1, '500.00', '0.32', '500.32', '2015-07-13', '2015-06-18 09:43:59', '2015-06-18 09:43:59'),
(361, 10, 1, 1, '500.00', '0.32', '500.32', '2015-07-14', '2015-06-18 09:43:59', '2015-06-18 09:43:59'),
(362, 10, 1, 1, '500.00', '0.32', '500.32', '2015-07-15', '2015-06-18 09:43:59', '2015-06-18 09:43:59'),
(363, 10, 1, 1, '500.00', '0.32', '500.32', '2015-07-16', '2015-06-18 09:43:59', '2015-06-18 09:43:59'),
(364, 10, 1, 1, '500.00', '0.32', '500.32', '2015-07-17', '2015-06-18 09:44:00', '2015-06-18 09:44:00'),
(365, 10, 1, 1, '500.00', '0.32', '500.32', '2015-07-18', '2015-06-18 09:44:00', '2015-06-18 09:44:00'),
(366, 10, 1, 1, '500.00', '0.32', '500.32', '2015-07-19', '2015-06-18 09:44:00', '2015-06-18 09:44:00'),
(367, 10, 1, 1, '500.00', '0.32', '500.32', '2015-07-20', '2015-06-18 09:44:00', '2015-06-18 09:44:00'),
(368, 10, 1, 1, '500.00', '0.32', '500.32', '2015-07-21', '2015-06-18 09:44:00', '2015-06-18 09:44:00'),
(369, 10, 1, 1, '500.00', '0.32', '500.32', '2015-07-22', '2015-06-18 09:44:00', '2015-06-18 09:44:00'),
(370, 10, 1, 1, '500.00', '0.32', '500.32', '2015-07-23', '2015-06-18 09:44:00', '2015-06-18 09:44:00'),
(371, 10, 1, 1, '500.00', '0.32', '500.32', '2015-07-24', '2015-06-18 09:44:00', '2015-06-18 09:44:00'),
(372, 10, 1, 1, '500.00', '0.32', '500.32', '2015-07-25', '2015-06-18 09:44:00', '2015-06-18 09:44:00'),
(373, 10, 1, 1, '500.00', '0.32', '500.32', '2015-07-26', '2015-06-18 09:44:00', '2015-06-18 09:44:00'),
(374, 10, 1, 1, '500.00', '0.32', '500.32', '2015-07-27', '2015-06-18 09:44:00', '2015-06-18 09:44:00'),
(375, 10, 1, 1, '500.00', '0.32', '500.32', '2015-07-28', '2015-06-18 09:44:00', '2015-06-18 09:44:00'),
(376, 10, 1, 1, '500.00', '0.32', '500.32', '2015-07-29', '2015-06-18 09:44:00', '2015-06-18 09:44:00'),
(377, 10, 1, 1, '500.00', '0.32', '500.32', '2015-07-30', '2015-06-18 09:44:00', '2015-06-18 09:44:00'),
(378, 10, 1, 1, '500.00', '0.32', '500.32', '2015-07-31', '2015-06-18 09:44:00', '2015-06-18 09:44:00'),
(379, 10, 1, 1, '500.00', '0.32', '500.32', '2015-08-01', '2015-06-18 09:44:00', '2015-06-18 09:44:00'),
(380, 10, 1, 1, '500.00', '0.32', '500.32', '2015-08-02', '2015-06-18 09:44:00', '2015-06-18 09:44:00'),
(381, 10, 1, 1, '500.00', '0.32', '500.32', '2015-08-03', '2015-06-18 09:44:00', '2015-06-18 09:44:00'),
(382, 10, 1, 1, '500.00', '0.32', '500.32', '2015-08-04', '2015-06-18 09:44:00', '2015-06-18 09:44:00'),
(383, 10, 1, 1, '500.00', '0.32', '500.32', '2015-08-05', '2015-06-18 09:44:00', '2015-06-18 09:44:00'),
(384, 10, 1, 1, '500.00', '0.32', '500.32', '2015-08-06', '2015-06-18 09:44:00', '2015-06-18 09:44:00'),
(385, 10, 1, 1, '500.00', '0.32', '500.32', '2015-08-07', '2015-06-18 09:44:00', '2015-06-18 09:44:00'),
(386, 10, 1, 1, '500.00', '0.32', '500.32', '2015-08-08', '2015-06-18 09:44:00', '2015-06-18 09:44:00'),
(387, 10, 1, 1, '500.00', '0.32', '500.32', '2015-08-09', '2015-06-18 09:44:00', '2015-06-18 09:44:00'),
(388, 10, 1, 1, '500.00', '0.32', '500.32', '2015-08-10', '2015-06-18 09:44:00', '2015-06-18 09:44:00'),
(389, 10, 1, 1, '500.00', '0.32', '500.32', '2015-08-11', '2015-06-18 09:44:00', '2015-06-18 09:44:00'),
(390, 10, 1, 1, '500.00', '0.32', '500.32', '2015-08-12', '2015-06-18 09:44:00', '2015-06-18 09:44:00'),
(391, 10, 1, 1, '500.00', '0.32', '500.32', '2015-08-13', '2015-06-18 09:44:00', '2015-06-18 09:44:00'),
(392, 10, 1, 1, '500.00', '0.32', '500.32', '2015-08-14', '2015-06-18 09:44:00', '2015-06-18 09:44:00'),
(393, 10, 1, 1, '500.00', '0.32', '500.32', '2015-08-15', '2015-06-18 09:44:00', '2015-06-18 09:44:00'),
(394, 10, 1, 1, '500.00', '0.32', '500.32', '2015-08-16', '2015-06-18 09:44:00', '2015-06-18 09:44:00'),
(395, 10, 1, 1, '500.00', '0.32', '500.32', '2015-08-17', '2015-06-18 09:44:00', '2015-06-18 09:44:00'),
(396, 10, 1, 1, '500.00', '0.32', '500.32', '2015-08-18', '2015-06-18 09:44:00', '2015-06-18 09:44:00'),
(397, 10, 1, 1, '500.00', '0.32', '500.32', '2015-08-19', '2015-06-18 09:44:00', '2015-06-18 09:44:00'),
(398, 10, 1, 1, '500.00', '0.32', '500.32', '2015-08-20', '2015-06-18 09:44:00', '2015-06-18 09:44:00'),
(399, 10, 1, 1, '500.00', '0.32', '500.32', '2015-08-21', '2015-06-18 09:44:00', '2015-06-18 09:44:00'),
(400, 10, 1, 1, '500.00', '0.32', '500.32', '2015-08-22', '2015-06-18 09:44:00', '2015-06-18 09:44:00'),
(401, 10, 1, 1, '500.00', '0.32', '500.32', '2015-08-23', '2015-06-18 09:44:00', '2015-06-18 09:44:00'),
(402, 10, 1, 1, '500.00', '0.32', '500.32', '2015-08-24', '2015-06-18 09:44:00', '2015-06-18 09:44:00'),
(403, 10, 1, 1, '500.00', '0.32', '500.32', '2015-08-25', '2015-06-18 09:44:00', '2015-06-18 09:44:00'),
(404, 10, 1, 1, '500.00', '0.32', '500.32', '2015-08-26', '2015-06-18 09:44:00', '2015-06-18 09:44:00'),
(405, 10, 1, 1, '500.00', '0.32', '500.32', '2015-08-27', '2015-06-18 09:44:00', '2015-06-18 09:44:00'),
(406, 10, 1, 1, '500.00', '0.32', '500.32', '2015-08-28', '2015-06-18 09:44:00', '2015-06-18 09:44:00'),
(407, 10, 1, 1, '500.00', '0.32', '500.32', '2015-08-29', '2015-06-18 09:44:00', '2015-06-18 09:44:00'),
(408, 10, 1, 1, '500.00', '0.32', '500.32', '2015-08-30', '2015-06-18 09:44:00', '2015-06-18 09:44:00'),
(409, 10, 1, 1, '500.00', '0.32', '500.32', '2015-08-31', '2015-06-18 09:44:00', '2015-06-18 09:44:00'),
(410, 10, 1, 1, '500.00', '0.32', '500.32', '2015-09-01', '2015-06-18 09:44:00', '2015-06-18 09:44:00'),
(411, 10, 1, 1, '500.00', '0.32', '500.32', '2015-09-02', '2015-06-18 09:44:00', '2015-06-18 09:44:00'),
(412, 10, 1, 1, '500.00', '0.32', '500.32', '2015-09-03', '2015-06-18 09:44:00', '2015-06-18 09:44:00'),
(413, 10, 1, 1, '500.00', '0.32', '500.32', '2015-09-04', '2015-06-18 09:44:00', '2015-06-18 09:44:00'),
(414, 10, 1, 1, '500.00', '0.32', '500.32', '2015-09-05', '2015-06-18 09:44:00', '2015-06-18 09:44:00'),
(415, 10, 1, 1, '500.00', '0.32', '500.32', '2015-09-06', '2015-06-18 09:44:00', '2015-06-18 09:44:00'),
(416, 10, 1, 1, '500.00', '0.32', '500.32', '2015-09-07', '2015-06-18 09:44:00', '2015-06-18 09:44:00'),
(417, 10, 1, 1, '500.00', '0.32', '500.32', '2015-09-08', '2015-06-18 09:44:00', '2015-06-18 09:44:00'),
(418, 10, 1, 1, '500.00', '0.32', '500.32', '2015-09-09', '2015-06-18 09:44:00', '2015-06-18 09:44:00'),
(419, 10, 1, 1, '500.00', '0.32', '500.32', '2015-09-10', '2015-06-18 09:44:00', '2015-06-18 09:44:00'),
(420, 10, 1, 1, '500.00', '0.32', '500.32', '2015-09-11', '2015-06-18 09:44:00', '2015-06-18 09:44:00'),
(421, 10, 1, 1, '500.00', '0.32', '500.32', '2015-09-12', '2015-06-18 09:44:00', '2015-06-18 09:44:00'),
(422, 10, 1, 1, '500.00', '0.32', '500.32', '2015-09-13', '2015-06-18 09:44:00', '2015-06-18 09:44:00'),
(423, 10, 1, 1, '500.00', '0.32', '500.32', '2015-09-14', '2015-06-18 09:44:00', '2015-06-18 09:44:00'),
(424, 10, 1, 1, '500.00', '0.32', '500.32', '2015-09-15', '2015-06-18 09:44:00', '2015-06-18 09:44:00'),
(425, 10, 1, 1, '500.00', '0.32', '500.32', '2015-09-16', '2015-06-18 09:44:00', '2015-06-18 09:44:00');

-- --------------------------------------------------------

--
-- Table structure for table `investment_terms`
--

CREATE TABLE IF NOT EXISTS `investment_terms` (
  `id` int(11) NOT NULL AUTO_INCREMENT,
  `term_name` varchar(20) NOT NULL,
  `period_type` enum('Days','Months','Years') DEFAULT 'Years',
  `period` int(4) DEFAULT '0',
  `interest_rate` int(3) DEFAULT '0',
  PRIMARY KEY (`id`)
) ENGINE=InnoDB  DEFAULT CHARSET=latin1 AUTO_INCREMENT=4 ;

--
-- Dumping data for table `investment_terms`
--

INSERT INTO `investment_terms` (`id`, `term_name`, `period_type`, `period`, `interest_rate`) VALUES
(1, '1 year', 'Years', 1, 3),
(2, '2 years', 'Years', 2, 4),
(3, '3 years', 'Years', 3, 5);

-- --------------------------------------------------------

--
-- Table structure for table `investments`
--

CREATE TABLE IF NOT EXISTS `investments` (
  `id` int(11) NOT NULL AUTO_INCREMENT,
  `investment_no` varchar(20) DEFAULT NULL,
  `investor_id` int(11) DEFAULT NULL,
  `user_id` int(11) DEFAULT NULL,
  `currency_id` int(11) DEFAULT NULL,
  `investment_amount` decimal(11,2) DEFAULT '0.00',
  `investment_term_id` int(11) DEFAULT NULL,
  `investor_type_id` int(3) DEFAULT NULL,
  `custom_rate` decimal(6,2) DEFAULT '0.00',
  `amount_due` decimal(11,2) DEFAULT '0.00',
  `total_amount_earned` decimal(11,2) DEFAULT '0.00',
  `earned_balance` decimal(11,2) DEFAULT '0.00',
  `balance` decimal(11,2) DEFAULT '0.00',
  `interest_accrued` decimal(11,2) DEFAULT '0.00',
  `interest_earned` decimal(11,2) DEFAULT '0.00',
  `expected_interest` decimal(11,2) DEFAULT '0.00',
  `total_fees` decimal(11,2) DEFAULT '0.00',
  `management_fee_type` varchar(30) DEFAULT NULL,
  `base_fees` decimal(11,2) DEFAULT '0.00',
  `benchmark_rate` decimal(6,2) DEFAULT '0.00',
  `base_rate` decimal(6,2) DEFAULT '0.00',
  `basefee_duedate` date DEFAULT NULL,
  `accrued_basefee` decimal(11,2) DEFAULT '0.00',
  `total_amount` decimal(11,2) DEFAULT '0.00',
  `investment_date` date DEFAULT NULL,
  `purchase_date` date DEFAULT NULL,
  `numb_shares` int(11) DEFAULT '0',
  `numb_shares_sold` int(11) DEFAULT '0',
  `numb_shares_left` int(11) DEFAULT '0',
  `due_date` date DEFAULT NULL,
  `duration` int(6) DEFAULT '0',
  `investment_period` varchar(10) DEFAULT NULL,
  `total_tenure` int(6) DEFAULT '0',
  `accrued_days` int(4) DEFAULT '0',
  `details` varchar(200) DEFAULT NULL,
  `status` enum('Paid','Rolled_over','Cancelled','Part_payment','Invested','Matured','Termination_Requested','Payment_Requested','Termination_Approved','Payment_Approved','Disposal_Requested','Disposal_Approved') DEFAULT 'Invested',
  `old_status` enum('Paid','Rolled_over','Cancelled','Part_payment','Invested','Matured','Termination_Requested','Payment_Requested','Termination_Approved','Payment_Approved','Disposal_Requested','Disposal_Approved') DEFAULT NULL,
  `payment_schedule_id` int(3) DEFAULT NULL,
  `payment_mode_id` int(3) DEFAULT NULL,
  `cashreceiptmode_id` int(3) DEFAULT NULL,
  `cheque_no` varchar(50) DEFAULT NULL,
  `investment_product_id` int(3) DEFAULT NULL,
  `instruction_id` int(3) DEFAULT NULL,
  `instruction_details` varchar(50) DEFAULT NULL,
  `created` datetime DEFAULT NULL,
  `modified` datetime DEFAULT NULL,
  `created_by` int(11) DEFAULT NULL,
  `modified_by` int(11) DEFAULT NULL,
  PRIMARY KEY (`id`)
) ENGINE=InnoDB  DEFAULT CHARSET=latin1 AUTO_INCREMENT=11 ;

--
-- Dumping data for table `investments`
--

INSERT INTO `investments` (`id`, `investment_no`, `investor_id`, `user_id`, `currency_id`, `investment_amount`, `investment_term_id`, `investor_type_id`, `custom_rate`, `amount_due`, `total_amount_earned`, `earned_balance`, `balance`, `interest_accrued`, `interest_earned`, `expected_interest`, `total_fees`, `management_fee_type`, `base_fees`, `benchmark_rate`, `base_rate`, `basefee_duedate`, `accrued_basefee`, `total_amount`, `investment_date`, `purchase_date`, `numb_shares`, `numb_shares_sold`, `numb_shares_left`, `due_date`, `duration`, `investment_period`, `total_tenure`, `accrued_days`, `details`, `status`, `old_status`, `payment_schedule_id`, `payment_mode_id`, `cashreceiptmode_id`, `cheque_no`, `investment_product_id`, `instruction_id`, `instruction_details`, `created`, `modified`, `created_by`, `modified_by`) VALUES
(1, 'PARKST-INV-001', 1, 1, 1, '0.00', NULL, 2, '0.00', '0.00', '0.00', '0.00', '0.00', '0.00', '0.00', '0.00', '0.00', 'Management & Performance Fee', '9.30', '10.00', '2.00', '2015-07-09', '0.00', '465.00', '2015-06-09', NULL, 150, 0, 150, NULL, 0, NULL, 0, 0, '', 'Part_payment', NULL, 4, 1, NULL, '', 2, NULL, 'None', '2015-06-09 07:56:18', '2015-06-12 17:02:38', NULL, NULL),
(2, 'PARKST-INV-002', 1, 1, 1, '0.00', NULL, 2, '0.00', '0.00', '0.00', '0.00', '0.00', '0.00', '0.00', '0.00', '0.00', 'Management & Performance Fee', '2.98', '10.00', '2.00', '2015-07-09', '0.00', '149.00', '2015-06-09', NULL, 57, 0, 57, NULL, 0, NULL, 0, 14, '', 'Rolled_over', NULL, 4, 2, NULL, '', 2, NULL, NULL, '2015-06-09 10:10:35', '2015-06-23 08:59:03', NULL, NULL),
(3, 'PARKST-INV-003', 1, 1, 1, '0.00', NULL, 2, '23.00', '401.30', '-619.83', '-619.83', '401.30', '-5.04', '0.00', '16.09', '0.00', 'Management & Performance Fee', '227.72', '23.00', '60.00', '2015-07-16', '0.00', '0.00', '2015-06-16', NULL, 0, 0, 0, '2015-09-15', 91, 'Day(s)', 91, 7, '', 'Rolled_over', NULL, 3, 1, NULL, '', 1, 2, '', '2015-06-09 10:14:17', '2015-06-23 08:59:03', NULL, NULL),
(4, 'PARKST-INV-004', 1, 1, 1, '-800.00', NULL, 2, '18.00', '200.69', '-808.57', '-808.57', '0.00', '-13.70', '0.69', '41.56', '0.00', 'Performance Fee', '0.00', '23.00', '0.00', '2015-07-09', '0.00', '0.00', '2015-06-09', NULL, 0, 0, 0, '2016-06-09', 7, 'Year(s)', 2, 14, '', 'Invested', NULL, 1, 2, NULL, '', 1, 1, '', '2015-06-09 10:20:06', '2015-06-23 08:59:03', NULL, NULL),
(5, 'PARKST-INV-005', 1, 1, 1, '100.00', NULL, 2, '18.00', '236.05', '101.30', '101.30', '118.00', '1.25', '36.05', '17.95', '0.00', 'Management & Performance Fee', '6.00', '23.00', '6.00', '2015-07-16', '0.00', '40.30', '2015-06-16', NULL, 0, 0, 0, '2016-06-16', 3, 'Year(s)', 2, 7, '', 'Rolled_over', 'Invested', 3, 1, NULL, '', 3, 3, '', '2015-06-12 15:10:36', '2015-06-23 08:59:03', NULL, NULL),
(6, 'PARKST-INV-006', 1, 1, 1, '0.00', NULL, 2, '0.00', '0.00', '0.00', '0.00', '0.00', '0.00', '0.00', '0.00', '0.00', 'Management & Performance Fee', '0.64', '2.00', '2.00', '2015-07-12', '19.00', '32.00', '2015-06-12', NULL, 10, 8, 10, NULL, 0, NULL, 0, 11, '', 'Invested', 'Disposal_Approved', 2, 1, NULL, '', 3, NULL, 'None', '2015-06-12 16:03:39', '2015-06-23 08:59:03', NULL, 1),
(7, 'PARKST-INV-007', 1, 1, 1, '0.00', NULL, 2, '23.00', '740.14', '0.00', '0.00', '0.00', '0.00', '40.14', '32.52', '0.00', 'Management & Performance Fee', '12.00', '23.00', '2.00', '2015-07-17', '0.00', '0.00', '2015-06-17', NULL, 0, 0, 0, '2015-09-16', 91, 'Day(s)', 91, 0, '', 'Cancelled', NULL, 4, 1, NULL, '', 1, 3, '', '2015-06-17 11:52:38', '2015-06-17 12:35:17', NULL, NULL),
(8, 'PARKST-INV-008', 1, 1, 1, '-48688.00', NULL, 2, '23.00', '13021.56', '-48680.17', '-48680.17', '0.00', '0.00', '589.09', '11.47', '0.00', '', '0.00', '23.00', '2.00', '2015-07-01', '0.00', '0.00', '2015-06-01', NULL, 0, 0, 0, '2015-08-31', 91, 'Day(s)', 91, 0, '', 'Cancelled', NULL, 3, 1, NULL, '', 1, 2, '', '2015-06-17 12:34:58', '2015-06-17 12:50:40', NULL, NULL),
(9, 'PARKST-INV-009', 1, 1, 1, '500.00', NULL, 2, '23.00', '518.90', '500.64', '600.64', '0.00', '0.64', '0.00', '18.90', '0.00', 'Management & Performance Fee', '115.00', '23.00', '23.00', '2015-07-17', '0.00', '0.00', '2015-06-17', NULL, 0, 0, 0, '2015-08-16', 60, 'Day(s)', 60, 0, '', 'Part_payment', NULL, 1, 1, NULL, '', 1, 2, '', '2015-06-17 13:13:33', '2015-06-19 16:41:04', NULL, NULL),
(10, 'PARKST-INV-0010', 1, 1, 1, '500.00', NULL, 2, '23.00', '528.36', '505.12', '505.12', '0.00', '5.12', '0.00', '28.36', '0.00', 'Management & Performance Fee', '2.40', '23.00', '2.00', '2015-07-18', '0.00', '120.00', '2015-06-18', NULL, 30, 0, 30, '2015-09-16', 90, 'Day(s)', 90, 5, '', 'Invested', NULL, 1, 1, NULL, '', 3, 1, '', '2015-06-18 09:43:59', '2015-06-23 08:59:03', NULL, NULL);

-- --------------------------------------------------------

--
-- Table structure for table `investor_deposits`
--

CREATE TABLE IF NOT EXISTS `investor_deposits` (
  `id` int(11) NOT NULL AUTO_INCREMENT,
  `ledger_transaction_id` int(11) DEFAULT NULL,
  `user_id` int(11) DEFAULT NULL,
  `investment_id` int(11) DEFAULT NULL,
  `topup_id` int(11) DEFAULT NULL,
  `amount` decimal(11,2) DEFAULT '0.00',
  `receipt_no` varchar(30) DEFAULT NULL,
  `deposit_date` date DEFAULT NULL,
  `created` datetime DEFAULT NULL,
  `modified` datetime DEFAULT NULL,
  PRIMARY KEY (`id`)
) ENGINE=InnoDB  DEFAULT CHARSET=latin1 AUTO_INCREMENT=13 ;

--
-- Dumping data for table `investor_deposits`
--

INSERT INTO `investor_deposits` (`id`, `ledger_transaction_id`, `user_id`, `investment_id`, `topup_id`, `amount`, `receipt_no`, `deposit_date`, `created`, `modified`) VALUES
(11, 22, 1, 9, NULL, '1000.00', '', '2015-06-16', '2015-06-17 13:13:34', '2015-06-17 13:13:34'),
(12, NULL, 1, 10, NULL, '2000.00', '', '2015-06-17', '2015-06-18 09:44:00', '2015-06-18 09:44:00');

-- --------------------------------------------------------

--
-- Table structure for table `investor_equities`
--

CREATE TABLE IF NOT EXISTS `investor_equities` (
  `id` int(11) NOT NULL AUTO_INCREMENT,
  `investment_id` int(11) DEFAULT NULL,
  `equities_list_id` int(11) DEFAULT NULL,
  `numb_shares` int(11) DEFAULT NULL,
  `purchase_price` decimal(6,2) DEFAULT NULL,
  `min_share_price` decimal(6,2) DEFAULT NULL,
  `max_share_price` decimal(6,2) DEFAULT NULL,
  `numb_shares_sold` int(11) DEFAULT '0',
  `numb_shares_left` int(11) DEFAULT '0',
  `purchase_date` date DEFAULT NULL,
  `modified` datetime DEFAULT NULL,
  `created` datetime DEFAULT NULL,
  `created_by` int(11) DEFAULT NULL,
  `modified_by` int(11) DEFAULT NULL,
  PRIMARY KEY (`id`)
) ENGINE=InnoDB  DEFAULT CHARSET=latin1 AUTO_INCREMENT=14 ;

--
-- Dumping data for table `investor_equities`
--

INSERT INTO `investor_equities` (`id`, `investment_id`, `equities_list_id`, `numb_shares`, `purchase_price`, `min_share_price`, `max_share_price`, `numb_shares_sold`, `numb_shares_left`, `purchase_date`, `modified`, `created`, `created_by`, `modified_by`) VALUES
(1, 1, 3, 50, '4.00', '4.00', '4.30', NULL, 50, '2015-06-09', '2015-06-09 07:56:18', '2015-06-09 07:56:18', 1, 1),
(2, 1, 4, 30, '2.20', '2.00', '2.50', NULL, 30, '2015-06-09', '2015-06-09 07:56:18', '2015-06-09 07:56:18', 1, 1),
(3, 1, 1, 70, '2.00', '2.00', '2.50', NULL, 70, '2015-06-09', '2015-06-09 07:56:18', '2015-06-09 07:56:18', 1, 1),
(4, 2, 3, 12, '4.00', '4.00', '4.00', NULL, 12, '2015-06-09', '2015-06-09 10:10:35', '2015-06-09 10:10:35', 1, 1),
(5, 2, 1, 23, '2.00', '2.00', '2.00', NULL, 23, '2015-06-09', '2015-06-09 10:10:35', '2015-06-09 10:10:35', 1, 1),
(6, 2, 4, 22, '2.20', '2.00', '2.50', NULL, 22, '2015-06-09', '2015-06-09 10:10:35', '2015-06-09 10:10:35', 1, 1),
(7, 5, 2, 5, '3.00', '3.00', '3.50', 0, 5, '2015-06-12', '2015-06-12 15:10:37', '2015-06-12 15:10:37', 1, 1),
(8, 5, 1, 4, '2.00', '2.00', '2.50', 0, 4, '2015-06-12', '2015-06-12 15:10:37', '2015-06-12 15:10:37', 1, 1),
(9, 5, 3, 4, '4.00', '4.00', '3.20', 0, 4, '2015-06-12', '2015-06-12 15:10:37', '2015-06-12 15:10:37', 1, 1),
(10, 6, 1, 3, '2.00', '2.00', '2.00', 4, -1, '2015-06-12', '2015-06-12 17:18:29', '2015-06-12 16:03:39', 1, 1),
(11, 6, 2, 2, '3.00', '2.00', '3.00', 4, -1, '2015-06-12', '2015-06-12 17:18:29', '2015-06-12 16:03:39', 1, 1),
(12, 6, 3, 5, '4.00', '4.00', '4.00', 4, -1, '2015-06-12', '2015-06-12 17:18:29', '2015-06-12 16:03:39', 1, 1),
(13, 10, 2, 30, '3.00', '3.00', '4.00', 0, 30, '2015-06-18', '2015-06-18 09:44:00', '2015-06-18 09:44:00', 1, 1);

-- --------------------------------------------------------

--
-- Table structure for table `investor_types`
--

CREATE TABLE IF NOT EXISTS `investor_types` (
  `id` int(3) NOT NULL AUTO_INCREMENT,
  `investor_type` varchar(15) NOT NULL,
  PRIMARY KEY (`id`)
) ENGINE=InnoDB  DEFAULT CHARSET=latin1 AUTO_INCREMENT=6 ;

--
-- Dumping data for table `investor_types`
--

INSERT INTO `investor_types` (`id`, `investor_type`) VALUES
(1, '-Select-'),
(2, 'Individual'),
(3, 'Corporate'),
(4, 'Joint'),
(5, 'Group');

-- --------------------------------------------------------

--
-- Table structure for table `investors`
--

CREATE TABLE IF NOT EXISTS `investors` (
  `id` int(11) NOT NULL AUTO_INCREMENT,
  `user_id` int(11) DEFAULT NULL,
  `entryclerk_name` varchar(80) DEFAULT NULL,
  `customer_category_id` int(3) DEFAULT NULL,
  `investor_type_id` int(3) DEFAULT NULL,
  `payment_term_id` int(11) DEFAULT NULL,
  `payment_shedule_id` int(3) DEFAULT NULL,
  `payment_mode_id` int(3) DEFAULT NULL,
  `in_trust_for` varchar(70) DEFAULT NULL,
  `occupation` varchar(25) DEFAULT NULL,
  `id_expiry` date DEFAULT NULL,
  `id_issue` date DEFAULT NULL,
  `joint_surname` varchar(30) DEFAULT NULL,
  `joint_other_names` varchar(35) DEFAULT NULL,
  `joint_dob` date DEFAULT NULL,
  `joint_idtype_id` int(3) DEFAULT NULL,
  `joint_id_number` varchar(25) DEFAULT NULL,
  `joint_id_issue` date DEFAULT NULL,
  `joint_id_expiry` date DEFAULT NULL,
  `joint_phone` varchar(15) DEFAULT NULL,
  `joint_email` varchar(35) DEFAULT NULL,
  `joint_postal_address` varchar(50) DEFAULT NULL,
  `source_of_income` varchar(20) DEFAULT NULL,
  `registration_date` date DEFAULT NULL,
  `investor_photo` blob,
  `surname` varchar(30) DEFAULT NULL,
  `other_names` varchar(35) DEFAULT NULL,
  `fullname` varchar(80) DEFAULT NULL,
  `dob` date DEFAULT NULL,
  `idtype_id` int(3) DEFAULT NULL,
  `id_number` varchar(25) DEFAULT NULL,
  `nationality` varchar(20) DEFAULT NULL,
  `hometown` varchar(30) DEFAULT NULL,
  `birth_place` varchar(30) DEFAULT NULL,
  `work_place` varchar(30) DEFAULT NULL,
  `position_held` varchar(25) DEFAULT NULL,
  `marital_status` enum('Single','Married','Widowed','Divorced') DEFAULT 'Single',
  `children` varchar(15) DEFAULT NULL,
  `nk_relationship` varchar(25) DEFAULT NULL,
  `postal_address` varchar(50) DEFAULT NULL,
  `phone` varchar(35) DEFAULT NULL,
  `email` varchar(35) DEFAULT NULL,
  `physical_address` varchar(70) DEFAULT NULL,
  `gross_income_id` int(3) DEFAULT NULL,
  `next_of_kin_name` varchar(50) DEFAULT NULL,
  `nk_phone` varchar(15) DEFAULT NULL,
  `nk_postal_address` varchar(50) DEFAULT NULL,
  `nk_email` varchar(35) DEFAULT NULL,
  `investor_signature` blob,
  `ceo` varchar(70) DEFAULT NULL,
  `comp_name` varchar(70) DEFAULT NULL,
  `nature_biz` varchar(30) DEFAULT NULL,
  `reg_numb` varchar(20) DEFAULT NULL,
  `inv_freq` varchar(15) DEFAULT NULL,
  `date_incorp` date DEFAULT NULL,
  `contact_person` varchar(70) DEFAULT NULL,
  `position` varchar(25) DEFAULT NULL,
  `institution_type_id` int(3) DEFAULT NULL,
  `gross_revenue_id` int(3) DEFAULT NULL,
  `contact_mode` varchar(10) DEFAULT NULL,
  `acc_name` varchar(50) DEFAULT NULL,
  `bank_id` int(5) DEFAULT NULL,
  `bank_branch` varchar(30) DEFAULT NULL,
  `acc_number` varchar(25) DEFAULT NULL,
  `created` datetime DEFAULT NULL,
  `modified` datetime DEFAULT NULL,
  `approved` tinyint(1) NOT NULL DEFAULT '0',
  `visible` enum('alive','deleted') DEFAULT 'alive',
  PRIMARY KEY (`id`),
  KEY `surname` (`surname`),
  KEY `other_names` (`other_names`)
) ENGINE=InnoDB  DEFAULT CHARSET=latin1 AUTO_INCREMENT=2 ;

--
-- Dumping data for table `investors`
--

INSERT INTO `investors` (`id`, `user_id`, `entryclerk_name`, `customer_category_id`, `investor_type_id`, `payment_term_id`, `payment_shedule_id`, `payment_mode_id`, `in_trust_for`, `occupation`, `id_expiry`, `id_issue`, `joint_surname`, `joint_other_names`, `joint_dob`, `joint_idtype_id`, `joint_id_number`, `joint_id_issue`, `joint_id_expiry`, `joint_phone`, `joint_email`, `joint_postal_address`, `source_of_income`, `registration_date`, `investor_photo`, `surname`, `other_names`, `fullname`, `dob`, `idtype_id`, `id_number`, `nationality`, `hometown`, `birth_place`, `work_place`, `position_held`, `marital_status`, `children`, `nk_relationship`, `postal_address`, `phone`, `email`, `physical_address`, `gross_income_id`, `next_of_kin_name`, `nk_phone`, `nk_postal_address`, `nk_email`, `investor_signature`, `ceo`, `comp_name`, `nature_biz`, `reg_numb`, `inv_freq`, `date_incorp`, `contact_person`, `position`, `institution_type_id`, `gross_revenue_id`, `contact_mode`, `acc_name`, `bank_id`, `bank_branch`, `acc_number`, `created`, `modified`, `approved`, `visible`) VALUES
(1, 1, NULL, NULL, 2, NULL, NULL, NULL, '', 'Software Professional', NULL, '2013-03-03', NULL, NULL, NULL, NULL, NULL, NULL, NULL, NULL, NULL, NULL, 'Personal Savings', '2015-06-09', NULL, 'Kwaku', 'Afreh-Nuamah', 'Afreh-Nuamah Kwaku', '1986-04-23', 7, 'V1111', 'Ghanaian', '', '', '', '', 'Single', '', '', '', '0243080560', '', 'Ofankor', 2, '', '', '', NULL, NULL, NULL, NULL, NULL, NULL, '', NULL, NULL, NULL, NULL, NULL, NULL, '', 27, '', '', '2015-06-09 07:45:21', '2015-06-09 07:49:00', 1, 'alive');

-- --------------------------------------------------------

--
-- Table structure for table `items`
--

CREATE TABLE IF NOT EXISTS `items` (
  `id` int(11) NOT NULL AUTO_INCREMENT,
  `warehouse_id` int(11) DEFAULT NULL,
  `item` varchar(200) NOT NULL,
  `serialno` varchar(70) DEFAULT NULL,
  `supply_invoiceno` varchar(70) DEFAULT NULL,
  `date_added` date DEFAULT NULL,
  `last_modified_date` timestamp NULL DEFAULT CURRENT_TIMESTAMP ON UPDATE CURRENT_TIMESTAMP,
  `modelno` varchar(200) DEFAULT NULL,
  `item_item` varchar(200) DEFAULT NULL,
  `item_type` varchar(11) DEFAULT NULL,
  `description` varchar(20) DEFAULT NULL,
  `brand` varchar(30) DEFAULT NULL,
  `supplier_id` int(11) NOT NULL,
  `cost_price` int(11) NOT NULL,
  `selling_price` int(11) NOT NULL,
  `original_quantity` int(11) NOT NULL DEFAULT '0',
  `remaining_quantity` int(11) NOT NULL DEFAULT '0',
  `delete_status` enum('deleted','alive') DEFAULT 'alive',
  PRIMARY KEY (`id`)
) ENGINE=InnoDB DEFAULT CHARSET=latin1 AUTO_INCREMENT=1 ;

-- --------------------------------------------------------

--
-- Table structure for table `ledger_transactions`
--

CREATE TABLE IF NOT EXISTS `ledger_transactions` (
  `id` int(11) NOT NULL AUTO_INCREMENT,
  `client_ledger_id` int(11) DEFAULT NULL,
  `cash_receipt_mode_id` int(3) DEFAULT NULL,
  `payment_mode_id` int(3) DEFAULT NULL,
  `investment_id` int(11) DEFAULT NULL,
  `cheque_no` varchar(70) DEFAULT NULL,
  `voucher_no` varchar(25) DEFAULT NULL,
  `debit` decimal(11,2) DEFAULT '0.00',
  `credit` decimal(11,2) DEFAULT '0.00',
  `description` varchar(70) DEFAULT NULL,
  `user_id` int(11) DEFAULT NULL,
  `date` date DEFAULT NULL,
  `created` datetime DEFAULT NULL,
  `modified` datetime DEFAULT NULL,
  PRIMARY KEY (`id`)
) ENGINE=InnoDB  DEFAULT CHARSET=latin1 AUTO_INCREMENT=25 ;

--
-- Dumping data for table `ledger_transactions`
--

INSERT INTO `ledger_transactions` (`id`, `client_ledger_id`, `cash_receipt_mode_id`, `payment_mode_id`, `investment_id`, `cheque_no`, `voucher_no`, `debit`, `credit`, `description`, `user_id`, `date`, `created`, `modified`) VALUES
(21, 1, 1, NULL, 9, '', 'PARKST-INV-009', '0.00', '1000.00', 'Deposit for investment with receipt no:', 1, '2015-06-17', '2015-06-17 13:13:34', '2015-06-17 13:13:34'),
(22, 1, 1, NULL, 9, '', 'PARKST-INV-009', '500.00', '0.00', 'Fixed income investment for 60 Day(s)', 1, '2015-06-17', '2015-06-17 13:13:34', '2015-06-17 13:13:34'),
(23, 1, NULL, 1, NULL, NULL, '0617150325593', '100.00', '0.00', 'Payment of Investment Proceeds', NULL, '2015-06-17', '2015-06-17 15:25:59', '2015-06-17 15:25:59'),
(24, 1, NULL, 1, NULL, NULL, '0618150516134', '500.00', '0.00', 'Payment of Investment Proceeds', 1, '2015-06-18', '2015-06-18 17:16:13', '2015-06-18 17:16:13');

-- --------------------------------------------------------

--
-- Table structure for table `loan_expectedpayments`
--

CREATE TABLE IF NOT EXISTS `loan_expectedpayments` (
  `id` int(11) NOT NULL AUTO_INCREMENT,
  `loan_id` int(11) DEFAULT NULL,
  `cash_account_id` int(11) DEFAULT NULL,
  `principal_due` decimal(11,2) NOT NULL DEFAULT '0.00',
  `interest_due` decimal(11,2) NOT NULL DEFAULT '0.00',
  `amount_due` decimal(11,2) NOT NULL DEFAULT '0.00',
  `principal_paid` decimal(11,2) NOT NULL DEFAULT '0.00',
  `interest_paid` decimal(11,2) DEFAULT '0.00',
  `amount_paid` decimal(11,2) NOT NULL DEFAULT '0.00',
  `principal_balance` decimal(11,2) NOT NULL DEFAULT '0.00',
  `interest_balance` decimal(11,2) NOT NULL DEFAULT '0.00',
  `amount_balance` decimal(11,2) NOT NULL DEFAULT '0.00',
  `payment_status` enum('no_payment','part_payment','full_payment') DEFAULT 'no_payment',
  `due_date` date DEFAULT NULL,
  `previous_payment` int(11) NOT NULL,
  `loanpayment_id` int(11) DEFAULT NULL,
  PRIMARY KEY (`id`)
) ENGINE=InnoDB DEFAULT CHARSET=latin1 AUTO_INCREMENT=1 ;

-- --------------------------------------------------------

--
-- Table structure for table `loanpayments`
--

CREATE TABLE IF NOT EXISTS `loanpayments` (
  `id` int(11) NOT NULL AUTO_INCREMENT,
  `cash_account_id` int(11) DEFAULT NULL,
  `loan_id` int(11) DEFAULT NULL,
  `interest` decimal(11,2) DEFAULT '0.00',
  `principal` decimal(11,2) DEFAULT '0.00',
  `payment_date` date NOT NULL,
  PRIMARY KEY (`id`)
) ENGINE=InnoDB DEFAULT CHARSET=latin1 AUTO_INCREMENT=1 ;

-- --------------------------------------------------------

--
-- Table structure for table `loans`
--

CREATE TABLE IF NOT EXISTS `loans` (
  `id` int(11) NOT NULL AUTO_INCREMENT,
  `cash_account_id` int(11) NOT NULL,
  `loan_name` varchar(70) DEFAULT NULL,
  `principal` decimal(11,2) DEFAULT '0.00',
  `interest` decimal(11,2) DEFAULT '0.00',
  `amount_balance` decimal(11,2) DEFAULT '0.00',
  `principal_paid` decimal(11,2) DEFAULT '0.00',
  `interest_paid` decimal(11,2) DEFAULT '0.00',
  `principal_balance` decimal(11,2) DEFAULT '0.00',
  `interest_balance` decimal(11,2) DEFAULT '0.00',
  `totalpayment` decimal(11,2) DEFAULT '0.00',
  `schedule_type` varchar(30) DEFAULT NULL,
  `schedule_duration` int(5) DEFAULT NULL,
  `first_payment` date DEFAULT NULL,
  `expected_finish` date DEFAULT NULL,
  `actual_finish` date DEFAULT NULL,
  PRIMARY KEY (`id`)
) ENGINE=InnoDB DEFAULT CHARSET=latin1 AUTO_INCREMENT=1 ;

-- --------------------------------------------------------

--
-- Table structure for table `marriages`
--

CREATE TABLE IF NOT EXISTS `marriages` (
  `id` int(3) NOT NULL AUTO_INCREMENT,
  `marital_status` varchar(10) NOT NULL,
  PRIMARY KEY (`id`)
) ENGINE=InnoDB  DEFAULT CHARSET=latin1 AUTO_INCREMENT=6 ;

--
-- Dumping data for table `marriages`
--

INSERT INTO `marriages` (`id`, `marital_status`) VALUES
(1, '-Select-'),
(2, 'Single'),
(3, 'Married'),
(4, 'Widowed'),
(5, 'Divorced');

-- --------------------------------------------------------

--
-- Table structure for table `modules`
--

CREATE TABLE IF NOT EXISTS `modules` (
  `id` int(4) NOT NULL AUTO_INCREMENT,
  `module_name` varchar(30) DEFAULT NULL,
  `created` datetime DEFAULT NULL,
  PRIMARY KEY (`id`)
) ENGINE=InnoDB  DEFAULT CHARSET=latin1 AUTO_INCREMENT=8 ;

--
-- Dumping data for table `modules`
--

INSERT INTO `modules` (`id`, `module_name`, `created`) VALUES
(1, 'Investors', '2014-11-26 00:00:00'),
(2, 'Inbound Investmt', '2014-11-26 00:00:00'),
(3, 'Outbound Investmt', '2014-11-26 00:00:00'),
(4, 'Payments', '2014-11-26 00:00:00'),
(5, 'Comp Accounts', '2014-11-26 00:00:00'),
(6, 'Reports', '2014-11-26 00:00:00'),
(7, 'Settings', '2014-11-26 00:00:00');

-- --------------------------------------------------------

--
-- Table structure for table `payment_modes`
--

CREATE TABLE IF NOT EXISTS `payment_modes` (
  `id` int(3) NOT NULL AUTO_INCREMENT,
  `payment_mode_name` varchar(20) NOT NULL,
  PRIMARY KEY (`id`)
) ENGINE=InnoDB  DEFAULT CHARSET=latin1 AUTO_INCREMENT=7 ;

--
-- Dumping data for table `payment_modes`
--

INSERT INTO `payment_modes` (`id`, `payment_mode_name`) VALUES
(1, 'Cash'),
(2, 'Cheque'),
(3, 'Bank transfer'),
(4, 'Post-dated chq'),
(5, 'Standing order'),
(6, 'Visa');

-- --------------------------------------------------------

--
-- Table structure for table `payment_schedules`
--

CREATE TABLE IF NOT EXISTS `payment_schedules` (
  `id` int(3) NOT NULL AUTO_INCREMENT,
  `payment_schedule_name` varchar(35) NOT NULL,
  PRIMARY KEY (`id`)
) ENGINE=InnoDB  DEFAULT CHARSET=latin1 AUTO_INCREMENT=5 ;

--
-- Dumping data for table `payment_schedules`
--

INSERT INTO `payment_schedules` (`id`, `payment_schedule_name`) VALUES
(1, 'Monthly'),
(2, 'Quarterly'),
(3, 'Semi-Annually'),
(4, 'Yearly');

-- --------------------------------------------------------

--
-- Table structure for table `payment_terms`
--

CREATE TABLE IF NOT EXISTS `payment_terms` (
  `id` int(11) NOT NULL AUTO_INCREMENT,
  `payment_name` varchar(15) NOT NULL,
  `period_months` int(4) NOT NULL,
  `interest_rate` decimal(3,3) NOT NULL,
  PRIMARY KEY (`id`)
) ENGINE=InnoDB  DEFAULT CHARSET=latin1 AUTO_INCREMENT=7 ;

--
-- Dumping data for table `payment_terms`
--

INSERT INTO `payment_terms` (`id`, `payment_name`, `period_months`, `interest_rate`) VALUES
(1, '3 months', 3, '0.030'),
(2, '4 months', 4, '0.040'),
(3, '5 months', 5, '0.045'),
(4, '6 months', 6, '0.050'),
(5, '7 months', 7, '0.055'),
(6, '--None--', 1, '0.000');

-- --------------------------------------------------------

--
-- Table structure for table `payments`
--

CREATE TABLE IF NOT EXISTS `payments` (
  `id` int(11) NOT NULL AUTO_INCREMENT,
  `sale_id` int(11) NOT NULL DEFAULT '0',
  `order_id` int(11) NOT NULL DEFAULT '0',
  `creditor_id` int(11) NOT NULL DEFAULT '0',
  `user_id` int(11) DEFAULT NULL,
  `zone_id` int(2) DEFAULT NULL,
  `expectedpayment_id` int(11) DEFAULT NULL,
  `payment_type` varchar(30) NOT NULL,
  `payment_mode` varchar(20) DEFAULT NULL,
  `amount` decimal(11,2) NOT NULL,
  `deleted_amount` decimal(11,2) DEFAULT '0.00',
  `used_chequenos` varchar(100) DEFAULT NULL,
  `payment_date` timestamp NOT NULL DEFAULT CURRENT_TIMESTAMP,
  PRIMARY KEY (`id`)
) ENGINE=InnoDB DEFAULT CHARSET=latin1 AUTO_INCREMENT=1 ;

-- --------------------------------------------------------

--
-- Table structure for table `pettycash_deposits`
--

CREATE TABLE IF NOT EXISTS `pettycash_deposits` (
  `id` int(11) NOT NULL AUTO_INCREMENT,
  `pettycash_id` int(11) DEFAULT NULL,
  `cash_account_id` int(11) DEFAULT NULL,
  `created_by` int(11) DEFAULT NULL,
  `created` datetime DEFAULT NULL,
  `amount` decimal(11,2) DEFAULT '0.00',
  `zone_id` int(2) DEFAULT NULL,
  PRIMARY KEY (`id`)
) ENGINE=InnoDB DEFAULT CHARSET=latin1 AUTO_INCREMENT=1 ;

-- --------------------------------------------------------

--
-- Table structure for table `pettycash_withdrawals`
--

CREATE TABLE IF NOT EXISTS `pettycash_withdrawals` (
  `id` int(11) NOT NULL AUTO_INCREMENT,
  `pettycash_id` int(11) DEFAULT NULL,
  `cash_account_id` int(11) DEFAULT NULL,
  `zone_id` int(2) DEFAULT NULL,
  `amount` decimal(11,2) DEFAULT '0.00',
  `created_by` int(11) DEFAULT NULL,
  `created` datetime DEFAULT NULL,
  PRIMARY KEY (`id`)
) ENGINE=InnoDB DEFAULT CHARSET=latin1 AUTO_INCREMENT=1 ;

-- --------------------------------------------------------

--
-- Table structure for table `pettycashes`
--

CREATE TABLE IF NOT EXISTS `pettycashes` (
  `id` int(11) NOT NULL AUTO_INCREMENT,
  `amount` decimal(11,2) DEFAULT '0.00',
  `balance` decimal(11,2) DEFAULT '0.00',
  `created` datetime NOT NULL,
  `created_by` int(11) NOT NULL,
  `modified` datetime NOT NULL,
  `modified_by` int(11) NOT NULL,
  `zone_id` int(2) DEFAULT NULL,
  PRIMARY KEY (`id`)
) ENGINE=InnoDB DEFAULT CHARSET=latin1 AUTO_INCREMENT=1 ;

-- --------------------------------------------------------

--
-- Table structure for table `portfolios`
--

CREATE TABLE IF NOT EXISTS `portfolios` (
  `id` int(11) NOT NULL AUTO_INCREMENT,
  `payment_name` varchar(15) NOT NULL,
  `period_months` int(4) NOT NULL,
  `interest_rate` decimal(3,2) DEFAULT '0.00',
  PRIMARY KEY (`id`)
) ENGINE=InnoDB  DEFAULT CHARSET=latin1 AUTO_INCREMENT=34 ;

--
-- Dumping data for table `portfolios`
--

INSERT INTO `portfolios` (`id`, `payment_name`, `period_months`, `interest_rate`) VALUES
(33, '--None--', 1, '0.00');

-- --------------------------------------------------------

--
-- Table structure for table `rates`
--

CREATE TABLE IF NOT EXISTS `rates` (
  `id` int(11) NOT NULL AUTO_INCREMENT,
  `payment_name` varchar(15) NOT NULL,
  `period_months` int(4) NOT NULL,
  `interest_rate` int(3) NOT NULL,
  PRIMARY KEY (`id`)
) ENGINE=InnoDB  DEFAULT CHARSET=latin1 AUTO_INCREMENT=34 ;

--
-- Dumping data for table `rates`
--

INSERT INTO `rates` (`id`, `payment_name`, `period_months`, `interest_rate`) VALUES
(19, '1 month', 1, 8),
(21, '2 months', 2, 13),
(22, '3 months', 3, 18),
(23, '4 months', 4, 24),
(25, '6 months', 6, 34),
(26, '7 months', 7, 41),
(27, '8 months', 8, 48),
(28, '9 months', 9, 54),
(29, '10 months', 10, 62),
(30, '11 months', 11, 69),
(31, '12 months', 12, 77),
(32, '5 months', 5, 29),
(33, '--None--', 1, 0);

-- --------------------------------------------------------

--
-- Table structure for table `reinvestment_rollovers`
--

CREATE TABLE IF NOT EXISTS `reinvestment_rollovers` (
  `id` int(11) NOT NULL AUTO_INCREMENT,
  `reinvestment_id` int(11) DEFAULT NULL,
  `reinvestor_id` int(11) DEFAULT NULL,
  `user_id` int(11) DEFAULT NULL,
  `amount` decimal(11,2) DEFAULT '0.00',
  `old_interest_rate` decimal(6,2) DEFAULT '0.00',
  `interest_rate` decimal(6,2) DEFAULT '0.00',
  `created` datetime NOT NULL,
  `rollover_date` date DEFAULT NULL,
  `delete_status` enum('dead','alive') DEFAULT 'alive',
  `deleted_by` varchar(200) DEFAULT NULL,
  `edit_details_username_oldnnewamout` varchar(200) DEFAULT NULL,
  `modified` datetime DEFAULT NULL,
  PRIMARY KEY (`id`)
) ENGINE=InnoDB  DEFAULT CHARSET=latin1 AUTO_INCREMENT=5 ;

--
-- Dumping data for table `reinvestment_rollovers`
--

INSERT INTO `reinvestment_rollovers` (`id`, `reinvestment_id`, `reinvestor_id`, `user_id`, `amount`, `old_interest_rate`, `interest_rate`, `created`, `rollover_date`, `delete_status`, `deleted_by`, `edit_details_username_oldnnewamout`, `modified`) VALUES
(1, 2, 1, NULL, '0.00', '0.00', '0.00', '2015-02-20 16:49:50', '2015-07-20', 'alive', NULL, NULL, '2015-02-20 16:49:50'),
(2, 2, 1, NULL, '0.00', '0.00', '0.00', '2015-02-20 16:50:34', '2015-07-20', 'alive', NULL, NULL, '2015-02-20 16:50:34'),
(3, 2, 1, NULL, '0.00', '0.00', '0.00', '2015-02-20 16:50:57', '2015-07-20', 'alive', NULL, NULL, '2015-02-20 16:50:57'),
(4, 5, 1, 1, '3000.00', NULL, '31.00', '2015-04-30 14:14:21', '2015-07-30', 'alive', NULL, NULL, '2015-04-30 14:14:21');

-- --------------------------------------------------------

--
-- Table structure for table `reinvestment_statements`
--

CREATE TABLE IF NOT EXISTS `reinvestment_statements` (
  `id` int(11) NOT NULL AUTO_INCREMENT,
  `reinvestment_id` int(11) DEFAULT NULL,
  `reinvestor_id` int(11) DEFAULT NULL,
  `user_id` int(11) DEFAULT NULL,
  `principal` decimal(11,2) DEFAULT '0.00',
  `interest` decimal(11,2) DEFAULT '0.00',
  `total` decimal(11,2) DEFAULT '0.00',
  `maturity_date` date DEFAULT NULL,
  `created` datetime DEFAULT NULL,
  `modified` datetime DEFAULT NULL,
  PRIMARY KEY (`id`)
) ENGINE=InnoDB DEFAULT CHARSET=latin1 AUTO_INCREMENT=1 ;

-- --------------------------------------------------------

--
-- Table structure for table `reinvestment_topups`
--

CREATE TABLE IF NOT EXISTS `reinvestment_topups` (
  `id` int(11) NOT NULL AUTO_INCREMENT,
  `user_id` int(11) DEFAULT NULL,
  `reinvestment_id` int(11) DEFAULT NULL,
  `payment_mode_id` int(3) DEFAULT NULL,
  `topup_amount` decimal(11,2) DEFAULT NULL,
  `old_investmentamt` decimal(11,2) DEFAULT NULL,
  `oldinterest_earned` decimal(11,2) DEFAULT NULL,
  `oldtotal_amount_earned` decimal(11,2) DEFAULT NULL,
  `oldearned_balance` decimal(11,2) DEFAULT NULL,
  `oldamount_due` decimal(11,2) DEFAULT NULL,
  `investment_date` date DEFAULT NULL,
  `created` datetime DEFAULT NULL,
  `modified` datetime DEFAULT NULL,
  PRIMARY KEY (`id`)
) ENGINE=InnoDB DEFAULT CHARSET=latin1 AUTO_INCREMENT=1 ;

-- --------------------------------------------------------

--
-- Table structure for table `reinvestments`
--

CREATE TABLE IF NOT EXISTS `reinvestments` (
  `id` int(11) NOT NULL AUTO_INCREMENT,
  `investment_no` varchar(20) DEFAULT NULL,
  `reinvestor_id` int(11) DEFAULT NULL,
  `user_id` int(11) DEFAULT NULL,
  `investment_type` enum('fixed','equity') DEFAULT 'fixed',
  `currency_id` int(11) DEFAULT NULL,
  `investment_cash_id` int(11) DEFAULT NULL,
  `equities_list_id` int(11) DEFAULT NULL,
  `investment_amount` decimal(11,2) DEFAULT '0.00',
  `inv_dest_product_id` int(11) DEFAULT NULL,
  `investment_destination_id` int(11) DEFAULT NULL,
  `duration` int(6) DEFAULT NULL,
  `investment_period` varchar(10) DEFAULT NULL,
  `interest_rate` decimal(6,2) DEFAULT '0.00',
  `penalty` decimal(6,2) DEFAULT '0.00',
  `amount_due` decimal(11,2) DEFAULT '0.00',
  `total_amount_earned` decimal(11,2) DEFAULT '0.00',
  `amount_paidout` decimal(11,2) NOT NULL DEFAULT '0.00',
  `balance` decimal(11,2) NOT NULL DEFAULT '0.00',
  `earned_balance` decimal(11,2) DEFAULT '0.00',
  `interest_earned` decimal(11,2) DEFAULT '0.00',
  `expected_interest` decimal(11,2) DEFAULT '0.00',
  `investment_date` date DEFAULT NULL,
  `due_date` date DEFAULT NULL,
  `lastpaidout_date` date DEFAULT NULL,
  `accrued_days` int(4) DEFAULT '0',
  `details` varchar(200) DEFAULT NULL,
  `status` enum('Paid','Rolled_over','Cancelled','Part_payment','Invested','Termination_Requested','Payment_Requested','Terminated','Payment_Processed','Matured') DEFAULT 'Invested',
  `old_status` enum('Paid','Rolled_over','Cancelled','Part_payment','Invested','Termination_Requested','Payment_Requested','Terminated','Payment_Processed','Matured') DEFAULT NULL,
  `payment_status` enum('paid','unpaid','part_payment') DEFAULT 'unpaid',
  `created` datetime DEFAULT NULL,
  `modified` datetime DEFAULT NULL,
  `created_by` int(11) DEFAULT NULL,
  `modified_by` int(11) DEFAULT NULL,
  PRIMARY KEY (`id`)
) ENGINE=InnoDB  DEFAULT CHARSET=latin1 AUTO_INCREMENT=2 ;

--
-- Dumping data for table `reinvestments`
--

INSERT INTO `reinvestments` (`id`, `investment_no`, `reinvestor_id`, `user_id`, `investment_type`, `currency_id`, `investment_cash_id`, `equities_list_id`, `investment_amount`, `inv_dest_product_id`, `investment_destination_id`, `duration`, `investment_period`, `interest_rate`, `penalty`, `amount_due`, `total_amount_earned`, `amount_paidout`, `balance`, `earned_balance`, `interest_earned`, `expected_interest`, `investment_date`, `due_date`, `lastpaidout_date`, `accrued_days`, `details`, `status`, `old_status`, `payment_status`, `created`, `modified`, `created_by`, `modified_by`) VALUES
(1, NULL, 1, 1, 'fixed', 1, NULL, NULL, '1000.00', 4, 1, 91, 'Day(s)', '28.00', '0.00', '1069.81', '1000.00', '0.00', '1069.81', '1000.00', '0.00', '69.81', '2015-06-19', '2015-09-18', NULL, 0, NULL, 'Invested', NULL, 'unpaid', '2015-06-19 10:06:43', '2015-06-19 10:06:43', 1, 1);

-- --------------------------------------------------------

--
-- Table structure for table `reinvestments_equities`
--

CREATE TABLE IF NOT EXISTS `reinvestments_equities` (
  `id` int(11) NOT NULL AUTO_INCREMENT,
  `investment_no` varchar(20) DEFAULT NULL,
  `reinvestor_id` int(11) DEFAULT NULL,
  `investor_id` int(11) NOT NULL,
  `investment_cash_id` int(11) DEFAULT NULL,
  `investment_type` enum('fixed','equity') DEFAULT 'equity',
  `currency_id` int(11) DEFAULT NULL,
  `investment_amount` decimal(11,2) DEFAULT '0.00',
  `total_amount` decimal(11,2) DEFAULT NULL,
  `equities_list_id` int(11) DEFAULT NULL,
  `purchase_price` decimal(6,2) DEFAULT '0.00',
  `total_fees` decimal(11,2) DEFAULT '0.00',
  `other_fees` decimal(11,2) DEFAULT '0.00',
  `numb_shares` int(11) DEFAULT NULL,
  `numb_shares_sold` int(11) DEFAULT '0',
  `numb_shares_left` int(11) DEFAULT '0',
  `investment_date` date DEFAULT NULL,
  `reinvestment_date` date DEFAULT NULL,
  `lastpaidout_date` date DEFAULT NULL,
  `details` varchar(200) DEFAULT NULL,
  `status` enum('Paid','Rolled_over','Cancelled','Part_payment','Invested') DEFAULT 'Invested',
  `old_status` enum('Paid','Rolled_over','Cancelled','Part_payment','Invested') DEFAULT NULL,
  `payment_status` enum('paid','unpaid') DEFAULT 'unpaid',
  `created` datetime DEFAULT NULL,
  `modified` datetime DEFAULT NULL,
  `user_id` int(11) DEFAULT NULL,
  `created_by` int(11) DEFAULT NULL,
  `modified_by` int(11) DEFAULT NULL,
  PRIMARY KEY (`id`)
) ENGINE=InnoDB  DEFAULT CHARSET=latin1 AUTO_INCREMENT=11 ;

--
-- Dumping data for table `reinvestments_equities`
--

INSERT INTO `reinvestments_equities` (`id`, `investment_no`, `reinvestor_id`, `investor_id`, `investment_cash_id`, `investment_type`, `currency_id`, `investment_amount`, `total_amount`, `equities_list_id`, `purchase_price`, `total_fees`, `other_fees`, `numb_shares`, `numb_shares_sold`, `numb_shares_left`, `investment_date`, `reinvestment_date`, `lastpaidout_date`, `details`, `status`, `old_status`, `payment_status`, `created`, `modified`, `user_id`, `created_by`, `modified_by`) VALUES
(2, NULL, 1, 2, 6, 'equity', 2, '60.00', '180.00', 2, '3.00', '120.00', '0.00', 20, 0, 20, '2015-02-10', '2014-02-01', NULL, NULL, 'Invested', NULL, 'unpaid', '2015-02-19 14:22:14', '2015-02-19 14:22:14', NULL, NULL, NULL),
(3, NULL, 1, 2, 6, 'equity', 2, '60.00', '180.00', 2, '3.00', '120.00', '0.00', 20, 0, 20, '2015-02-10', '2014-02-01', NULL, NULL, 'Invested', NULL, 'unpaid', '2015-02-19 14:27:14', '2015-02-19 14:27:14', NULL, NULL, NULL),
(4, NULL, 1, 2, 18, 'equity', 1, '147.40', '147.40', NULL, '0.00', '5.00', '0.00', NULL, 0, 0, '2015-04-03', '2015-04-15', NULL, NULL, 'Invested', NULL, 'unpaid', '2015-04-16 00:28:08', '2015-04-16 00:28:08', NULL, NULL, NULL),
(5, NULL, 1, 2, 18, 'equity', 1, '147.40', '147.40', NULL, '0.00', '5.00', '0.00', NULL, 0, 0, '2015-04-03', '2015-04-15', NULL, NULL, 'Invested', NULL, 'unpaid', '2015-04-16 00:35:47', '2015-04-16 00:35:47', NULL, NULL, NULL),
(6, NULL, 1, 2, 18, 'equity', 1, '147.40', '147.40', NULL, '0.00', '5.00', '0.00', NULL, 0, 0, '2015-04-03', '2015-04-15', NULL, NULL, 'Invested', NULL, 'unpaid', '2015-04-16 00:37:51', '2015-04-16 00:37:51', NULL, NULL, NULL),
(7, 'PARKST-INV-0039', 1, 2, 107, 'equity', 1, '77.50', '77.50', NULL, '0.00', '0.00', '0.00', NULL, 0, 0, '2015-06-05', '2015-06-08', NULL, NULL, 'Invested', NULL, 'unpaid', '2015-06-08 12:21:42', '2015-06-08 12:21:42', 1, 1, 1),
(8, NULL, 1, 2, 107, 'equity', 1, '5.00', '5.00', NULL, '0.00', '0.00', '0.00', 52, 0, 52, '2015-06-05', '2015-06-08', NULL, NULL, 'Invested', NULL, 'unpaid', '2015-06-08 12:44:53', '2015-06-08 12:44:53', 1, 1, 1),
(9, 'PARKST-INV-001', 1, 1, 1, 'equity', 1, '400.00', '400.00', NULL, '0.00', '0.00', '0.00', 150, 0, 150, '2015-06-09', '2015-06-09', NULL, '', 'Invested', NULL, 'unpaid', '2015-06-09 08:03:43', '2015-06-09 08:03:43', 1, 1, 1),
(10, 'PARKST-INV-006', 1, 1, 7, 'equity', 1, '32.00', '32.00', NULL, '0.00', '2.00', '40.00', 10, 8, 2, '2015-06-12', '2015-06-12', '2015-06-12', '', 'Invested', 'Invested', 'unpaid', '2015-06-12 16:06:38', '2015-06-12 17:18:29', 1, 1, 1);

-- --------------------------------------------------------

--
-- Table structure for table `reinvestor_cashaccounts`
--

CREATE TABLE IF NOT EXISTS `reinvestor_cashaccounts` (
  `id` int(11) NOT NULL AUTO_INCREMENT,
  `reinvestor_id` int(11) DEFAULT NULL,
  `user_id` int(11) DEFAULT NULL,
  `fixed_inv_amount` decimal(11,2) DEFAULT '0.00',
  `equity_inv_amount` decimal(11,2) DEFAULT '0.00',
  `equity_inv_balance` decimal(11,2) DEFAULT '0.00',
  `fixed_inv_balance` decimal(11,2) DEFAULT '0.00',
  `total_balance` decimal(11,2) DEFAULT '0.00',
  `equity_amount_paidout` decimal(11,2) DEFAULT NULL,
  `fixed_amount_paidout` decimal(11,2) DEFAULT '0.00',
  `fixed_inv_returns` decimal(11,2) DEFAULT '0.00',
  `equity_inv_returns` decimal(11,2) DEFAULT '0.00',
  `created` timestamp NULL DEFAULT NULL,
  `modified` timestamp NULL DEFAULT NULL,
  `notes` text,
  PRIMARY KEY (`id`)
) ENGINE=InnoDB  DEFAULT CHARSET=latin1 AUTO_INCREMENT=8 ;

--
-- Dumping data for table `reinvestor_cashaccounts`
--

INSERT INTO `reinvestor_cashaccounts` (`id`, `reinvestor_id`, `user_id`, `fixed_inv_amount`, `equity_inv_amount`, `equity_inv_balance`, `fixed_inv_balance`, `total_balance`, `equity_amount_paidout`, `fixed_amount_paidout`, `fixed_inv_returns`, `equity_inv_returns`, `created`, `modified`, `notes`) VALUES
(6, 1, NULL, '16632.00', '806.30', '374.30', '3410.00', '3700.30', NULL, '0.00', '0.00', '0.00', '2015-02-10 14:24:28', '2015-06-19 10:06:43', NULL),
(7, 3, NULL, '0.00', '0.00', '0.00', '0.00', '0.00', NULL, '0.00', '0.00', '0.00', '2015-02-10 14:24:28', '2015-02-10 14:24:29', NULL);

-- --------------------------------------------------------

--
-- Table structure for table `reinvestor_deposits`
--

CREATE TABLE IF NOT EXISTS `reinvestor_deposits` (
  `id` int(11) NOT NULL AUTO_INCREMENT,
  `reinvestor_id` int(11) DEFAULT NULL,
  `investment_product_id` int(11) DEFAULT NULL,
  `currency_id` int(11) DEFAULT NULL,
  `payment_mode_id` int(11) DEFAULT NULL,
  `investment_date` datetime DEFAULT NULL,
  `fixed_inv_amount` decimal(11,2) DEFAULT '0.00',
  `equity_inv_amount` decimal(11,2) DEFAULT '0.00',
  `equity_inv_balance` decimal(11,2) DEFAULT '0.00',
  `fixed_inv_balance` decimal(11,2) DEFAULT '0.00',
  `notes` text,
  `created` timestamp NULL DEFAULT NULL,
  `modified` timestamp NULL DEFAULT NULL,
  `user_id` int(11) DEFAULT NULL,
  PRIMARY KEY (`id`)
) ENGINE=InnoDB  DEFAULT CHARSET=latin1 AUTO_INCREMENT=3 ;

--
-- Dumping data for table `reinvestor_deposits`
--

INSERT INTO `reinvestor_deposits` (`id`, `reinvestor_id`, `investment_product_id`, `currency_id`, `payment_mode_id`, `investment_date`, `fixed_inv_amount`, `equity_inv_amount`, `equity_inv_balance`, `fixed_inv_balance`, `notes`, `created`, `modified`, `user_id`) VALUES
(1, 2, 3, 1, 1, '2015-01-31 00:00:00', '1000.00', '1000.00', NULL, NULL, NULL, '2015-01-31 05:00:00', '2015-01-31 05:00:00', 1),
(2, 3, 3, 1, 2, '2015-01-13 00:00:00', '6000.00', '6000.00', NULL, NULL, 'test', '2015-02-05 17:05:58', '2015-02-06 17:41:13', NULL);

-- --------------------------------------------------------

--
-- Table structure for table `reinvestor_equities`
--

CREATE TABLE IF NOT EXISTS `reinvestor_equities` (
  `id` int(11) NOT NULL AUTO_INCREMENT,
  `reinvestment_id` int(11) DEFAULT NULL,
  `equities_list_id` int(11) DEFAULT NULL,
  `numb_shares` int(11) DEFAULT NULL,
  `purchase_price` decimal(6,2) DEFAULT NULL,
  `min_share_price` decimal(6,2) DEFAULT NULL,
  `max_share_price` decimal(6,2) DEFAULT NULL,
  `numb_shares_sold` int(11) DEFAULT NULL,
  `numb_shares_left` int(11) DEFAULT NULL,
  `purchase_date` date DEFAULT NULL,
  `modified` datetime DEFAULT NULL,
  `created` datetime DEFAULT NULL,
  `created_by` int(11) DEFAULT NULL,
  `modified_by` int(11) DEFAULT NULL,
  PRIMARY KEY (`id`)
) ENGINE=InnoDB  DEFAULT CHARSET=latin1 AUTO_INCREMENT=20 ;

--
-- Dumping data for table `reinvestor_equities`
--

INSERT INTO `reinvestor_equities` (`id`, `reinvestment_id`, `equities_list_id`, `numb_shares`, `purchase_price`, `min_share_price`, `max_share_price`, `numb_shares_sold`, `numb_shares_left`, `purchase_date`, `modified`, `created`, `created_by`, `modified_by`) VALUES
(1, 4, 1, 20, '2.70', '2.50', '3.20', NULL, 20, '2015-04-15', '2015-04-16 00:28:08', '2015-04-16 00:28:08', NULL, NULL),
(2, 4, 2, 50, '3.00', '2.50', '3.20', NULL, 50, '2015-04-15', '2015-04-16 00:28:08', '2015-04-16 00:28:08', NULL, NULL),
(3, 4, 4, 34, '2.00', '2.00', '2.50', NULL, 34, '2015-04-15', '2015-04-16 00:28:08', '2015-04-16 00:28:08', NULL, NULL),
(4, 5, 1, 20, '2.70', '2.50', '3.20', NULL, 20, '2015-04-15', '2015-04-16 00:35:47', '2015-04-16 00:35:47', NULL, NULL),
(5, 5, 2, 50, '3.00', '2.50', '3.20', NULL, 50, '2015-04-15', '2015-04-16 00:35:47', '2015-04-16 00:35:47', NULL, NULL),
(6, 5, 4, 34, '2.00', '2.00', '2.50', NULL, 34, '2015-04-15', '2015-04-16 00:35:48', '2015-04-16 00:35:48', NULL, NULL),
(7, 6, 1, 20, '2.70', '2.50', '3.20', NULL, 20, '2015-04-15', '2015-04-16 00:37:51', '2015-04-16 00:37:51', NULL, NULL),
(8, 6, 2, 50, '3.00', '2.50', '3.20', NULL, 50, '2015-04-15', '2015-04-16 00:37:51', '2015-04-16 00:37:51', NULL, NULL),
(9, 6, 4, 34, '2.00', '2.00', '2.50', NULL, 34, '2015-04-15', '2015-04-16 00:37:51', '2015-04-16 00:37:51', NULL, NULL),
(10, 7, 2, 51, '2.50', '2.50', '3.50', NULL, 51, '2015-06-08', '2015-06-08 12:21:42', '2015-06-08 12:21:42', 1, 1),
(11, 7, 3, 50, '0.00', '3.00', '5.00', NULL, 50, '2015-06-08', '2015-06-08 12:21:42', '2015-06-08 12:21:42', 1, 1),
(12, 8, 2, 51, '2.50', '2.50', '3.50', NULL, 51, '2015-06-08', '2015-06-08 12:44:53', '2015-06-08 12:44:53', 1, 1),
(13, 8, 3, 50, '0.00', '3.00', '5.00', NULL, 50, '2015-06-08', '2015-06-08 12:44:53', '2015-06-08 12:44:53', 1, 1),
(14, 9, 3, 50, '4.00', '4.00', '4.30', NULL, 50, '2015-06-09', '2015-06-09 08:03:43', '2015-06-09 08:03:43', 1, 1),
(15, 9, 4, 30, '2.00', '2.00', '2.50', NULL, 30, '2015-06-09', '2015-06-09 08:03:43', '2015-06-09 08:03:43', 1, 1),
(16, 9, 1, 70, '2.00', '2.00', '2.50', NULL, 70, '2015-06-09', '2015-06-09 08:03:43', '2015-06-09 08:03:43', 1, 1),
(17, 10, 1, 3, '2.00', '2.00', '2.00', NULL, 3, '2015-06-12', '2015-06-12 16:06:38', '2015-06-12 16:06:38', 1, 1),
(18, 10, 2, 2, '2.00', '2.00', '3.00', NULL, 2, '2015-06-12', '2015-06-12 16:06:38', '2015-06-12 16:06:38', 1, 1),
(19, 10, 3, 5, '4.00', '4.00', '4.00', NULL, 5, '2015-06-12', '2015-06-12 16:06:38', '2015-06-12 16:06:38', 1, 1);

-- --------------------------------------------------------

--
-- Table structure for table `reinvestors`
--

CREATE TABLE IF NOT EXISTS `reinvestors` (
  `id` int(11) NOT NULL AUTO_INCREMENT,
  `currency_id` int(11) NOT NULL,
  `company_name` varchar(100) NOT NULL,
  `manager_name` varchar(100) DEFAULT NULL,
  `location` varchar(50) NOT NULL,
  `postal_address` varchar(100) NOT NULL,
  `postal_town_suburb` varchar(50) NOT NULL,
  `postal_city` varchar(20) NOT NULL,
  `postal_country` varchar(25) NOT NULL,
  `telephone` varchar(50) NOT NULL,
  `mobile` varchar(40) NOT NULL,
  `email` varchar(50) NOT NULL,
  `accounting_month` date DEFAULT NULL,
  PRIMARY KEY (`id`)
) ENGINE=InnoDB  DEFAULT CHARSET=latin1 AUTO_INCREMENT=4 ;

--
-- Dumping data for table `reinvestors`
--

INSERT INTO `reinvestors` (`id`, `currency_id`, `company_name`, `manager_name`, `location`, `postal_address`, `postal_town_suburb`, `postal_city`, `postal_country`, `telephone`, `mobile`, `email`, `accounting_month`) VALUES
(1, 1, 'Parkstone Capital Limited', 'Elsie', 'Accra', ' P.O. Box CS 9161', 'Adjirigano', 'Accra', 'Ghana', '0202088130', '0244327219', 'info@parkstonecapital.com', '2012-10-30'),
(2, 0, 'Qwickfusion', 'Malik Abdul Sulley', 'East Legon', 'P.O. Box OS 729', 'Osu', 'Accra', 'Ghana', '0243080560', '0243080560', 'info@qwickfusion.net', NULL),
(3, 0, 'GCNet', 'Arwin Mustapha', '5th Avenue, Cantonments', 'PMB CT890', '', 'Accra', 'Ghana', '0302-67830', '0243050660', 'info@gcnetghana.com', NULL);

-- --------------------------------------------------------

--
-- Table structure for table `repossessions`
--

CREATE TABLE IF NOT EXISTS `repossessions` (
  `id` int(11) NOT NULL AUTO_INCREMENT,
  `order_id` int(11) DEFAULT NULL,
  `item_id` int(11) DEFAULT NULL,
  `orders_item_id` int(11) DEFAULT NULL,
  `last_modified_date` timestamp NOT NULL DEFAULT CURRENT_TIMESTAMP,
  `invoice_id` int(11) DEFAULT NULL,
  `quantity` int(11) DEFAULT NULL,
  `item_condition` varchar(20) DEFAULT NULL,
  `reimbursement` decimal(11,2) DEFAULT '0.00',
  `depreciation` int(3) DEFAULT NULL,
  `reposs_reason` varchar(40) DEFAULT NULL,
  `other_remarks` varchar(255) DEFAULT NULL,
  `reposs_date` datetime DEFAULT NULL,
  PRIMARY KEY (`id`)
) ENGINE=InnoDB DEFAULT CHARSET=latin1 AUTO_INCREMENT=1 ;

-- --------------------------------------------------------

--
-- Table structure for table `rollovers`
--

CREATE TABLE IF NOT EXISTS `rollovers` (
  `id` int(11) NOT NULL AUTO_INCREMENT,
  `investment_id` int(11) DEFAULT NULL,
  `investor_id` int(11) DEFAULT NULL,
  `user_id` int(11) DEFAULT NULL,
  `old_investment_amount` decimal(11,2) DEFAULT '0.00',
  `custom_rate` decimal(6,2) DEFAULT '0.00',
  `old_custom_rate` decimal(6,2) DEFAULT '0.00',
  `created` datetime NOT NULL,
  `rollover_date` date DEFAULT NULL,
  `delete_status` enum('dead','alive') DEFAULT 'alive',
  `deleted_by` varchar(200) DEFAULT NULL,
  `edit_details_username_oldnnewamout` varchar(200) DEFAULT NULL,
  `modified` datetime DEFAULT NULL,
  PRIMARY KEY (`id`)
) ENGINE=InnoDB  DEFAULT CHARSET=latin1 AUTO_INCREMENT=4 ;

--
-- Dumping data for table `rollovers`
--

INSERT INTO `rollovers` (`id`, `investment_id`, `investor_id`, `user_id`, `old_investment_amount`, `custom_rate`, `old_custom_rate`, `created`, `rollover_date`, `delete_status`, `deleted_by`, `edit_details_username_oldnnewamout`, `modified`) VALUES
(1, 1, 2, NULL, '110.00', '10.00', '10.00', '2015-04-07 23:58:31', '2016-04-07', 'alive', NULL, NULL, '2015-04-07 23:58:31'),
(2, 3, 1, 1, '379.54', '23.00', '23.00', '2015-06-16 14:06:20', '2015-09-15', 'alive', NULL, NULL, '2015-06-16 14:06:20'),
(3, 5, 1, 1, '100.00', '18.00', '18.00', '2015-06-16 14:31:01', '2016-06-16', 'alive', NULL, NULL, '2015-06-16 14:31:01');

-- --------------------------------------------------------

--
-- Table structure for table `settings`
--

CREATE TABLE IF NOT EXISTS `settings` (
  `id` int(11) NOT NULL AUTO_INCREMENT,
  `currency_id` int(11) NOT NULL,
  `company_name` varchar(100) NOT NULL,
  `owner_name` varchar(100) DEFAULT NULL,
  `location` varchar(50) NOT NULL,
  `postal_address` varchar(100) NOT NULL,
  `postal_town_suburb` varchar(50) NOT NULL,
  `postal_city` varchar(20) NOT NULL,
  `postal_country` varchar(25) NOT NULL,
  `telephone` varchar(50) NOT NULL,
  `mobile` varchar(40) NOT NULL,
  `email` varchar(50) NOT NULL,
  `accounting_month` date DEFAULT NULL,
  PRIMARY KEY (`id`)
) ENGINE=InnoDB  DEFAULT CHARSET=latin1 AUTO_INCREMENT=2 ;

--
-- Dumping data for table `settings`
--

INSERT INTO `settings` (`id`, `currency_id`, `company_name`, `owner_name`, `location`, `postal_address`, `postal_town_suburb`, `postal_city`, `postal_country`, `telephone`, `mobile`, `email`, `accounting_month`) VALUES
(1, 1, 'PARKSTONE CAPITAL LIMITED', 'Elsie', 'Accra', ' P.O. Box CS 9161', 'Adjirigano', 'Accra', 'Ghana', '0202088130', '0244327219', 'info@parkstonecapital.com', '2012-10-30');

-- --------------------------------------------------------

--
-- Table structure for table `stated_bank_balances`
--

CREATE TABLE IF NOT EXISTS `stated_bank_balances` (
  `id` int(11) NOT NULL AUTO_INCREMENT,
  `bank_id` int(11) DEFAULT NULL,
  `account_id` int(11) DEFAULT NULL,
  `statement_date` date DEFAULT NULL,
  `amount` decimal(11,2) DEFAULT '0.00',
  `created` datetime DEFAULT NULL,
  `modified` datetime DEFAULT NULL,
  `user` varchar(100) DEFAULT NULL,
  PRIMARY KEY (`id`)
) ENGINE=InnoDB  DEFAULT CHARSET=latin1 AUTO_INCREMENT=32 ;

--
-- Dumping data for table `stated_bank_balances`
--

INSERT INTO `stated_bank_balances` (`id`, `bank_id`, `account_id`, `statement_date`, `amount`, `created`, `modified`, `user`) VALUES
(31, NULL, 3, '2015-06-03', '10000.00', '2015-06-03 06:27:13', '2015-06-03 06:27:13', 'Support');

-- --------------------------------------------------------

--
-- Table structure for table `subsidiaries`
--

CREATE TABLE IF NOT EXISTS `subsidiaries` (
  `id` int(11) NOT NULL AUTO_INCREMENT,
  `currency_id` int(11) NOT NULL,
  `company_name` varchar(100) NOT NULL,
  `manager_name` varchar(100) DEFAULT NULL,
  `location` varchar(50) NOT NULL,
  `postal_address` varchar(100) NOT NULL,
  `postal_town_suburb` varchar(50) NOT NULL,
  `postal_city` varchar(20) NOT NULL,
  `postal_country` varchar(25) NOT NULL,
  `telephone` varchar(50) NOT NULL,
  `mobile` varchar(40) NOT NULL,
  `email` varchar(50) NOT NULL,
  `accounting_month` date DEFAULT NULL,
  PRIMARY KEY (`id`)
) ENGINE=InnoDB DEFAULT CHARSET=latin1 AUTO_INCREMENT=1 ;

-- --------------------------------------------------------

--
-- Table structure for table `supplierinvoices`
--

CREATE TABLE IF NOT EXISTS `supplierinvoices` (
  `id` int(11) NOT NULL AUTO_INCREMENT,
  `supply_date` date DEFAULT NULL,
  `supply_invoiceno` varchar(70) DEFAULT NULL,
  `supplier_id` int(11) NOT NULL,
  `cost_price` decimal(11,2) DEFAULT '0.00',
  `amountpaid` decimal(11,2) DEFAULT '0.00',
  `balance` decimal(11,2) DEFAULT '0.00',
  `payment_mode` varchar(15) DEFAULT NULL,
  `payment_status` enum('no_payment','part_payment','full_payment','expired') DEFAULT 'no_payment',
  `cheque_nos` varchar(400) DEFAULT NULL,
  `used_chequenos` varchar(400) DEFAULT NULL,
  `date` timestamp NOT NULL DEFAULT CURRENT_TIMESTAMP ON UPDATE CURRENT_TIMESTAMP,
  `last_disb_date` date DEFAULT NULL,
  `first_date` date DEFAULT NULL,
  `payment_finish_date` date DEFAULT NULL,
  PRIMARY KEY (`id`)
) ENGINE=InnoDB DEFAULT CHARSET=latin1 AUTO_INCREMENT=1 ;

-- --------------------------------------------------------

--
-- Table structure for table `supplieritems`
--

CREATE TABLE IF NOT EXISTS `supplieritems` (
  `id` int(11) NOT NULL AUTO_INCREMENT,
  `warehouse_id` int(11) DEFAULT NULL,
  `item_id` int(11) DEFAULT NULL,
  `serialno` varchar(70) DEFAULT NULL,
  `supply_invoiceno` varchar(70) DEFAULT NULL,
  `supplier_id` int(11) NOT NULL,
  `cost_price` int(11) NOT NULL,
  `selling_price` int(11) NOT NULL,
  `original_quantity` int(11) NOT NULL DEFAULT '0',
  `date` timestamp NULL DEFAULT CURRENT_TIMESTAMP ON UPDATE CURRENT_TIMESTAMP,
  PRIMARY KEY (`id`)
) ENGINE=InnoDB DEFAULT CHARSET=latin1 AUTO_INCREMENT=1 ;

-- --------------------------------------------------------

--
-- Table structure for table `suppliers`
--

CREATE TABLE IF NOT EXISTS `suppliers` (
  `id` int(11) NOT NULL AUTO_INCREMENT,
  `supplier_name` varchar(50) NOT NULL,
  `supplier_address` varchar(100) DEFAULT NULL,
  `supplier_tel` varchar(50) NOT NULL,
  `supplier_email` varchar(30) DEFAULT NULL,
  `bank1_name` varchar(100) DEFAULT '',
  `bank1_branch` varchar(50) DEFAULT '',
  `bank1_acc_no` varchar(50) DEFAULT '',
  `bank2_name` varchar(100) DEFAULT '',
  `bank2_branch` varchar(50) DEFAULT '',
  `bank2_acc_no` varchar(50) DEFAULT '',
  PRIMARY KEY (`id`),
  KEY `supplier_name` (`supplier_name`)
) ENGINE=InnoDB DEFAULT CHARSET=latin1 AUTO_INCREMENT=1 ;

-- --------------------------------------------------------

--
-- Table structure for table `supply_payments`
--

CREATE TABLE IF NOT EXISTS `supply_payments` (
  `id` int(11) NOT NULL AUTO_INCREMENT,
  `supplierinvoice_id` int(11) DEFAULT NULL,
  `supplier_id` int(11) DEFAULT NULL,
  `user_id` int(11) DEFAULT NULL,
  `payment_type` varchar(30) NOT NULL,
  `payment_mode` varchar(20) DEFAULT NULL,
  `amount` decimal(11,2) NOT NULL,
  `used_chequenos` varchar(100) DEFAULT NULL,
  `payment_date` date DEFAULT NULL,
  PRIMARY KEY (`id`)
) ENGINE=InnoDB DEFAULT CHARSET=latin1 AUTO_INCREMENT=1 ;

-- --------------------------------------------------------

--
-- Table structure for table `sysaudits`
--

CREATE TABLE IF NOT EXISTS `sysaudits` (
  `id` int(11) NOT NULL AUTO_INCREMENT,
  `AUDITTYPE` varchar(30) DEFAULT NULL,
  `AUDITDATE` timestamp NULL DEFAULT CURRENT_TIMESTAMP,
  `EVENT` varchar(150) DEFAULT NULL,
  `user_id` int(11) DEFAULT NULL,
  PRIMARY KEY (`id`)
) ENGINE=InnoDB DEFAULT CHARSET=latin1 AUTO_INCREMENT=1 ;

-- --------------------------------------------------------

--
-- Table structure for table `taxes`
--

CREATE TABLE IF NOT EXISTS `taxes` (
  `id` int(11) NOT NULL AUTO_INCREMENT,
  `tax_name` varchar(100) NOT NULL,
  `tax_rate` decimal(11,2) NOT NULL DEFAULT '0.00',
  PRIMARY KEY (`id`)
) ENGINE=InnoDB DEFAULT CHARSET=latin1 AUTO_INCREMENT=1 ;

-- --------------------------------------------------------

--
-- Table structure for table `tempcash_accounts`
--

CREATE TABLE IF NOT EXISTS `tempcash_accounts` (
  `id` int(11) NOT NULL AUTO_INCREMENT,
  `category_id` int(11) DEFAULT NULL,
  `user_id` int(11) DEFAULT NULL,
  `zone_id` int(2) DEFAULT NULL,
  `expense_type` int(1) NOT NULL,
  `expense_desc` varchar(27) DEFAULT NULL,
  `expense_date` date NOT NULL,
  `source` varchar(15) DEFAULT NULL,
  `amount` decimal(11,2) NOT NULL,
  `prepared_by` varchar(50) DEFAULT NULL,
  `paid_to` varchar(70) DEFAULT NULL,
  `remarks` text NOT NULL,
  `status` enum('Approved','Rejected','Pending') DEFAULT 'Pending',
  PRIMARY KEY (`id`),
  KEY `expense_name` (`category_id`,`expense_date`)
) ENGINE=MyISAM  DEFAULT CHARSET=latin1 AUTO_INCREMENT=15 ;

--
-- Dumping data for table `tempcash_accounts`
--

INSERT INTO `tempcash_accounts` (`id`, `category_id`, `user_id`, `zone_id`, `expense_type`, `expense_desc`, `expense_date`, `source`, `amount`, `prepared_by`, `paid_to`, `remarks`, `status`) VALUES
(1, 6, 41, 8, 0, '0', '2014-04-02', '0', '-10.00', 'Serracou.jacinta', 'ADIABU FRANCIS', 'FUEL FOR CASHIER', 'Approved'),
(2, 20, 41, 8, 0, '0', '2014-04-11', '0', '-5.00', 'Serracou.jacinta', 'ADIABU FRANCIS', 'DELIVERY OF FRIDGE REPLACEMENT', 'Pending'),
(3, 7, 41, 8, 0, '0', '2014-04-11', '0', '-10.00', 'Serracou.jacinta', 'ADIABU FRANCIS', 'ENGINE OIL', 'Approved'),
(4, 29, 41, 8, 0, '1', '2014-04-11', '0', '-4.00', 'Serracou.jacinta', 'ADIABU FRANCIS', 'TRANSPORTATION TO KPANDO ', 'Pending'),
(5, 29, 41, 8, 0, '1', '2014-04-12', '0', '-8.00', 'Serracou.jacinta', 'SERRACOU JACINTA', 'SENDING ITEM TO HO', 'Pending'),
(6, 6, 41, 8, 0, '0', '2014-04-14', '0', '-20.00', 'Serracou.jacinta', 'ADIABU FRANCIS', 'FUEL FOR FRANCIS', 'Approved'),
(7, 34, 41, 8, 0, '1', '2014-04-15', '0', '-50.00', 'Serracou.jacinta', 'SHOWROOM-HOHOE', 'PREPAID FOR SHOWROOM\r\n', 'Rejected'),
(8, 32, 41, 8, 0, '1', '2014-04-16', '0', '-80.00', 'Serracou.jacinta', 'MUNICIPAL ASSEMBLY', 'OPERATION PAYMENT', 'Approved'),
(9, 6, 41, 8, 0, '0', '2014-04-23', '0', '-20.00', 'Serracou.jacinta', 'ADIABU FRANCIS', 'FUEL FOR FRANCIS', 'Approved'),
(10, 27, 41, 8, 0, '0', '2014-04-25', '0', '-3.00', 'Serracou.jacinta', 'SHOWROOM-HOHOE', 'TO BUY SOLUTIONTAPE', 'Rejected'),
(11, 1, NULL, 18, 0, '0', '2014-05-20', '0', '-100.00', 'Showroom', 'support', 'test', 'Rejected'),
(12, 1, NULL, 18, 0, '0', '2014-05-20', '0', '-100.00', 'Showroom', 'support', 'test', 'Pending'),
(13, 1, NULL, 18, 0, '0', '2014-05-20', '0', '-100.00', 'Showroom', 'support', 'test', 'Approved'),
(14, 6, NULL, 18, 0, '1', '2014-08-27', '0', '-60.00', 'Test_sales', 'support', 'hh', 'Approved');

-- --------------------------------------------------------

--
-- Table structure for table `topups`
--

CREATE TABLE IF NOT EXISTS `topups` (
  `id` int(11) NOT NULL AUTO_INCREMENT,
  `user_id` int(11) DEFAULT NULL,
  `investment_id` int(11) DEFAULT NULL,
  `cash_receipt_mode_id` int(3) DEFAULT NULL,
  `topup_amount` decimal(11,2) DEFAULT NULL,
  `tenure` int(4) DEFAULT '0',
  `period` varchar(10) DEFAULT NULL,
  `old_investmentamt` decimal(11,2) DEFAULT NULL,
  `oldinterest_earned` decimal(11,2) DEFAULT NULL,
  `oldtotal_amount_earned` decimal(11,2) DEFAULT NULL,
  `oldearned_balance` decimal(11,2) DEFAULT NULL,
  `oldamount_due` decimal(11,2) DEFAULT NULL,
  `investment_date` date DEFAULT NULL,
  `created` datetime DEFAULT NULL,
  `modified` datetime DEFAULT NULL,
  PRIMARY KEY (`id`)
) ENGINE=InnoDB  DEFAULT CHARSET=latin1 AUTO_INCREMENT=77 ;

--
-- Dumping data for table `topups`
--

INSERT INTO `topups` (`id`, `user_id`, `investment_id`, `cash_receipt_mode_id`, `topup_amount`, `tenure`, `period`, `old_investmentamt`, `oldinterest_earned`, `oldtotal_amount_earned`, `oldearned_balance`, `oldamount_due`, `investment_date`, `created`, `modified`) VALUES
(1, NULL, 1, 1, '100.00', 0, NULL, '100.00', '11.00', '110.03', '110.03', '121.00', '2015-04-15', '2015-04-15 01:04:19', '2015-04-15 01:04:19'),
(2, NULL, 1, 1, '100.00', 0, NULL, '200.00', '11.00', '210.03', '210.03', '121.00', '2015-04-15', '2015-04-15 01:04:56', '2015-04-15 01:04:56'),
(3, NULL, 1, 1, '100.00', 0, NULL, '300.00', '11.00', '310.03', '310.03', '121.00', '2015-04-15', '2015-04-15 01:05:38', '2015-04-15 01:05:38'),
(4, NULL, 1, 1, '100.00', 0, NULL, '400.00', '11.00', '410.03', '410.03', '121.00', '2015-04-15', '2015-04-15 01:07:31', '2015-04-15 01:07:31'),
(5, NULL, 1, 1, '100.00', 0, NULL, '500.00', '11.00', '510.03', '510.03', '121.00', '2015-04-15', '2015-04-15 01:08:08', '2015-04-15 01:08:08'),
(6, NULL, 10, 1, '100.00', 0, NULL, '40.00', '4.80', '0.01', '0.01', '44.80', '2015-04-15', '2015-04-15 01:18:30', '2015-04-15 01:18:30'),
(7, NULL, 10, 1, '100.00', 0, NULL, '140.00', '4.80', '100.01', '100.01', '44.80', '2015-04-15', '2015-04-15 01:18:31', '2015-04-15 01:18:31'),
(8, NULL, 10, 1, '100.00', 0, NULL, '240.00', '4.80', '200.01', '200.01', '44.80', '2015-04-15', '2015-04-15 01:18:50', '2015-04-15 01:18:50'),
(9, NULL, 9, 1, '100.00', 0, NULL, '90.00', '24.30', '0.02', '0.02', '114.30', '2015-04-15', '2015-04-15 01:21:05', '2015-04-15 01:21:05'),
(10, NULL, 25, 1, '200.00', 0, NULL, '5000.00', '286.71', '5000.00', '5000.00', '5286.71', '2015-04-15', '2015-04-15 01:27:57', '2015-04-15 01:27:57'),
(11, NULL, 25, 2, '200.00', 0, NULL, '5200.00', '297.30', '5200.00', '5200.00', '5497.30', '2015-04-15', '2015-04-15 01:28:19', '2015-04-15 01:28:19'),
(12, NULL, 25, 1, '300.00', 0, NULL, '5400.00', '307.89', '5400.00', '5400.00', '5707.89', '2015-04-15', '2015-04-15 01:28:36', '2015-04-15 01:28:36'),
(13, NULL, 27, 1, '1500.00', 0, NULL, '100.00', '25.00', '100.00', '100.00', '125.00', '2014-09-23', '2015-04-16 13:58:13', '2015-04-16 13:58:13'),
(14, NULL, 27, 1, '1000.00', 0, NULL, '1600.00', '127525.00', '1600.00', '1600.00', '129125.00', '2014-10-02', '2015-04-16 13:59:03', '2015-04-16 13:59:03'),
(15, NULL, 27, 1, '200.00', 0, NULL, '2600.00', '210275.00', '2600.00', '2600.00', '212875.00', '2014-10-08', '2015-04-16 13:59:39', '2015-04-16 13:59:39'),
(16, NULL, 27, 1, '100.00', 0, NULL, '2800.00', '226525.00', '2800.00', '2800.00', '229325.00', '2014-10-13', '2015-04-16 14:00:32', '2015-04-16 14:00:32'),
(17, NULL, 27, 1, '500.00', 0, NULL, '2900.00', '234525.00', '2900.00', '2900.00', '237425.00', '2014-11-04', '2015-04-16 14:01:11', '2015-04-16 14:01:11'),
(18, NULL, 27, 1, '200.00', 0, NULL, '3400.00', '271775.00', '3400.00', '3400.00', '275175.00', '2014-11-17', '2015-04-16 14:01:45', '2015-04-16 14:01:45'),
(19, NULL, 27, 1, '200.00', 0, NULL, '3600.00', '286025.00', '3600.00', '3600.00', '289625.00', '2014-11-21', '2015-04-16 14:03:41', '2015-04-16 14:03:41'),
(20, NULL, 27, 1, '100.00', 0, NULL, '3800.00', '300075.00', '3800.00', '3800.00', '303875.00', '2014-11-28', '2015-04-16 14:04:17', '2015-04-16 14:04:17'),
(21, NULL, 27, 1, '300.00', 0, NULL, '3900.00', '306925.00', '3900.00', '3900.00', '310825.00', '2014-12-03', '2015-04-16 14:04:48', '2015-04-16 14:04:48'),
(22, NULL, 28, 2, '1500.00', 0, NULL, '5000.00', '648.22', '5000.00', '5000.00', '5648.22', '2015-04-16', '2015-04-16 14:10:32', '2015-04-16 14:10:32'),
(23, NULL, 30, 1, '350.00', 0, NULL, '2364.44', '278.29', '2364.44', '2364.44', '2642.73', '2015-02-17', '2015-04-16 14:27:19', '2015-04-16 14:27:19'),
(24, NULL, 30, 1, '341.60', 0, NULL, '2714.44', '319.48', '2714.44', '2714.44', '3033.92', '2015-03-12', '2015-04-16 14:29:03', '2015-04-16 14:29:03'),
(25, NULL, 31, 1, '1000.00', 0, NULL, '10000.00', '1321.37', '10000.00', '10000.00', '11321.37', '2015-01-14', '2015-04-16 14:41:56', '2015-04-16 14:41:56'),
(26, NULL, 32, 1, '200.00', 0, NULL, '2500.00', '336.58', '2500.00', '2500.00', '2836.58', '2015-01-15', '2015-04-16 14:44:38', '2015-04-16 14:44:38'),
(27, NULL, 32, 1, '200.00', 0, NULL, '2700.00', '359.07', '2700.00', '2700.00', '3059.07', '2015-03-03', '2015-04-16 14:45:33', '2015-04-16 14:45:33'),
(28, NULL, 32, 1, '500.00', 0, NULL, '2900.00', '374.60', '2900.00', '2900.00', '3274.60', '2015-02-10', '2015-04-16 14:46:01', '2015-04-16 14:46:01'),
(29, NULL, 32, 1, '600.00', 0, NULL, '3400.00', '421.20', '3400.00', '3400.00', '3821.20', '2015-03-10', '2015-04-16 14:46:31', '2015-04-16 14:46:31'),
(30, NULL, 35, 1, '1500.00', 0, NULL, '3000.00', '720.00', '3000.00', '3000.00', '3720.00', '2014-10-30', '2015-04-16 15:46:17', '2015-04-16 15:46:17'),
(31, NULL, 35, 1, '1500.00', 0, NULL, '4500.00', '119160.00', '4500.00', '4500.00', '123660.00', '2014-12-01', '2015-04-16 15:47:06', '2015-04-16 15:47:06'),
(32, NULL, 35, 1, '2000.00', 0, NULL, '6000.00', '226080.00', '6000.00', '6000.00', '232080.00', '2014-12-15', '2015-04-16 15:47:45', '2015-04-16 15:47:45'),
(33, NULL, 35, 1, '500.00', 0, NULL, '8000.00', '361920.00', '8000.00', '8000.00', '369920.00', '2015-01-23', '2015-04-16 15:49:07', '2015-04-16 15:49:07'),
(34, NULL, 35, 1, '1000.00', 0, NULL, '8500.00', '391200.00', '8500.00', '8500.00', '399700.00', '2015-02-16', '2015-04-16 15:50:17', '2015-04-16 15:50:17'),
(35, NULL, 35, 1, '1000.00', 0, NULL, '9500.00', '444000.00', '9500.00', '9500.00', '453500.00', '2015-03-30', '2015-04-16 15:51:12', '2015-04-16 15:51:12'),
(36, NULL, 34, 2, '250.00', 0, NULL, '500.00', '2500.00', '500.00', '500.00', '3000.00', '2014-08-07', '2015-04-16 15:53:18', '2015-04-16 15:53:18'),
(37, NULL, 34, 2, '250.00', 0, NULL, '750.00', '431250.00', '750.00', '750.00', '432000.00', '2014-09-09', '2015-04-16 15:54:24', '2015-04-16 15:54:24'),
(38, NULL, 34, 2, '250.00', 0, NULL, '1000.00', '818750.00', '1000.00', '1000.00', '819750.00', '2014-10-14', '2015-04-16 15:56:46', '2015-04-16 15:56:46'),
(39, NULL, 34, 2, '250.00', 0, NULL, '1250.00', '1162500.00', '1250.00', '1250.00', '1163750.00', '2014-10-14', '2015-04-16 15:56:50', '2015-04-16 15:56:50'),
(40, NULL, 36, 1, '600.00', 0, NULL, '5430.41', '1357.60', '5430.41', '5430.41', '6788.01', '2014-09-09', '2015-04-16 15:59:44', '2015-04-16 15:59:44'),
(41, NULL, 34, 2, '250.00', 0, NULL, '1500.00', '1506250.00', '1500.00', '1500.00', '1507750.00', '2014-11-10', '2015-04-16 16:00:14', '2015-04-16 16:00:14'),
(42, NULL, 36, 1, '600.00', 0, NULL, '6030.41', '53857.60', '6030.41', '6030.41', '59888.01', '2014-10-08', '2015-04-16 16:01:00', '2015-04-16 16:01:00'),
(43, NULL, 36, 1, '600.00', 0, NULL, '6630.41', '102007.60', '6630.41', '6630.41', '108638.01', '2014-10-29', '2015-04-16 16:02:18', '2015-04-16 16:02:18'),
(44, NULL, 36, 1, '600.00', 0, NULL, '7230.41', '147007.60', '7230.41', '7230.41', '154238.01', '2014-11-18', '2015-04-16 16:03:14', '2015-04-16 16:03:14'),
(45, NULL, 36, 1, '600.00', 0, NULL, '7830.41', '189007.60', '7830.41', '7830.41', '196838.01', '2014-12-04', '2015-04-16 16:03:58', '2015-04-16 16:03:58'),
(46, NULL, 36, 1, '600.00', 0, NULL, '8430.41', '228607.60', '8430.41', '8430.41', '237038.01', '2014-12-18', '2015-04-16 16:04:35', '2015-04-16 16:04:35'),
(47, NULL, 36, 1, '600.00', 0, NULL, '9030.41', '266107.60', '9030.41', '9030.41', '275138.01', '2015-01-28', '2015-04-16 16:05:35', '2015-04-16 16:05:35'),
(48, NULL, 36, 1, '600.00', 0, NULL, '9630.41', '297457.60', '9630.41', '9630.41', '307088.01', '2015-01-28', '2015-04-16 16:06:12', '2015-04-16 16:06:12'),
(49, NULL, 26, 1, '100.00', 0, NULL, '925.63', '231.41', '925.63', '925.63', '1157.04', '2014-10-03', '2015-04-16 16:12:16', '2015-04-16 16:12:16'),
(50, NULL, 26, 1, '100.00', 0, NULL, '1025.63', '9206.41', '1025.63', '1025.63', '10232.04', '2014-11-17', '2015-04-16 16:13:14', '2015-04-16 16:13:14'),
(51, NULL, 26, 1, '100.00', 0, NULL, '1125.63', '17056.41', '1125.63', '1125.63', '18182.04', '2014-12-24', '2015-04-16 16:14:01', '2015-04-16 16:14:01'),
(52, NULL, 26, 1, '200.00', 0, NULL, '1225.63', '23981.41', '1225.63', '1225.63', '25207.04', '2015-01-29', '2015-04-16 16:15:13', '2015-04-16 16:15:13'),
(53, NULL, 26, 1, '100.00', 0, NULL, '1425.63', '36031.41', '1425.63', '1425.63', '37457.04', '2015-03-02', '2015-04-16 16:15:40', '2015-04-16 16:15:40'),
(54, NULL, 34, 3, '250.00', 0, NULL, '500.00', '125.00', '500.00', '500.00', '625.00', '2014-08-07', '2015-04-16 16:16:52', '2015-04-16 16:16:52'),
(55, NULL, 37, 1, '100.00', 0, NULL, '1628.70', '407.18', '1628.70', '1628.70', '2035.88', '2015-01-06', '2015-04-16 16:30:50', '2015-04-16 16:30:50'),
(56, NULL, 37, 1, '200.00', 0, NULL, '1728.70', '431.29', '1728.70', '1728.70', '2159.99', '2015-01-14', '2015-04-16 16:32:45', '2015-04-16 16:32:45'),
(57, NULL, 34, 1, '250.00', 0, NULL, '500.00', '125.00', '500.00', '500.00', '625.00', '2014-08-07', '2015-04-16 16:38:54', '2015-04-16 16:38:54'),
(58, NULL, 29, 1, '100.00', 0, NULL, '195.72', '46.97', '195.72', '195.72', '242.69', '2015-04-16', '2015-04-16 16:39:11', '2015-04-16 16:39:11'),
(59, NULL, 34, 1, '250.00', 0, NULL, '750.00', '183.73', '750.00', '750.00', '933.73', '2014-09-09', '2015-04-16 16:40:09', '2015-04-16 16:40:09'),
(60, NULL, 34, 2, '250.00', 0, NULL, '1000.00', '236.81', '1000.00', '1000.00', '1236.81', '2014-10-14', '2015-04-16 16:41:03', '2015-04-16 16:41:03'),
(61, NULL, 38, 1, '200.00', 0, NULL, '100.00', '25.00', '100.00', '100.00', '125.00', '2014-10-10', '2015-04-16 16:41:16', '2015-04-16 16:41:16'),
(62, NULL, 34, 2, '250.00', 0, NULL, '1250.00', '283.90', '1250.00', '1250.00', '1533.90', '2014-11-10', '2015-04-16 16:41:42', '2015-04-16 16:41:42'),
(63, NULL, 38, 1, '300.00', 0, NULL, '300.00', '70.07', '300.00', '300.00', '370.07', '2014-11-10', '2015-04-16 16:42:07', '2015-04-16 16:42:07'),
(64, NULL, 34, 2, '250.00', 0, NULL, '1500.00', '326.37', '1500.00', '1500.00', '1826.37', '2014-12-09', '2015-04-16 16:42:34', '2015-04-16 16:42:34'),
(65, NULL, 38, 1, '200.00', 0, NULL, '600.00', '131.30', '600.00', '600.00', '731.30', '2014-12-01', '2015-04-16 16:42:43', '2015-04-16 16:42:43'),
(66, NULL, 34, 2, '1000.00', 0, NULL, '1750.00', '363.87', '1750.00', '1750.00', '2113.87', '2015-01-09', '2015-04-16 16:43:27', '2015-04-16 16:43:27'),
(67, NULL, 38, 1, '300.00', 0, NULL, '800.00', '169.25', '800.00', '800.00', '969.25', '2014-12-23', '2015-04-16 16:43:40', '2015-04-16 16:43:40'),
(68, NULL, 38, 1, '400.00', 0, NULL, '1100.00', '221.65', '1100.00', '1100.00', '1321.65', '2015-01-15', '2015-04-16 16:44:13', '2015-04-16 16:44:13'),
(69, NULL, 38, 1, '2600.00', 0, NULL, '1500.00', '285.21', '1500.00', '1500.00', '1785.21', '2015-02-04', '2015-04-16 16:44:58', '2015-04-16 16:44:58'),
(70, NULL, 38, 1, '400.00', 0, NULL, '4100.00', '662.74', '4100.00', '4100.00', '4762.74', '2015-02-17', '2015-04-16 16:45:50', '2015-04-16 16:45:50'),
(71, NULL, 34, 1, '500.00', 0, NULL, '2750.00', '492.64', '2750.00', '2750.00', '3242.64', '2015-02-11', '2015-04-16 16:46:22', '2015-04-16 16:46:22'),
(72, NULL, 38, 1, '200.00', 0, NULL, '4500.00', '717.26', '4500.00', '4500.00', '5217.26', '2015-03-23', '2015-04-16 16:46:29', '2015-04-16 16:46:29'),
(73, NULL, 34, 1, '250.00', 0, NULL, '3250.00', '545.72', '3250.00', '3250.00', '3795.72', '2015-03-10', '2015-04-16 16:47:34', '2015-04-16 16:47:34'),
(75, 1, 7, 1, '100.00', 91, 'Day(s)', '600.00', '0.00', '600.38', '600.38', '634.41', '2015-06-17', '2015-06-17 11:53:38', '2015-06-17 11:53:38'),
(76, 1, 8, 1, '10.00', 75, 'Day(s)', '200.00', '0.00', '200.00', '200.00', '211.47', '2015-06-17', '2015-06-17 12:35:56', '2015-06-17 12:35:56');

-- --------------------------------------------------------

--
-- Table structure for table `transaction_categories`
--

CREATE TABLE IF NOT EXISTS `transaction_categories` (
  `id` int(11) NOT NULL AUTO_INCREMENT,
  `head_id` int(11) DEFAULT NULL,
  `category_name` varchar(35) DEFAULT NULL,
  `system` int(1) DEFAULT '0',
  `delete` int(1) DEFAULT '0',
  PRIMARY KEY (`id`)
) ENGINE=InnoDB  DEFAULT CHARSET=latin1 AUTO_INCREMENT=103 ;

--
-- Dumping data for table `transaction_categories`
--

INSERT INTO `transaction_categories` (`id`, `head_id`, `category_name`, `system`, `delete`) VALUES
(22, 2, 'Bank & Credit Card Fees', 1, 0),
(23, 2, 'Water Bill', 1, 0),
(24, 2, 'Cash Withdrawal or Transfer', 1, 0),
(26, 2, 'Electricity Bill', 1, 0),
(27, 2, 'Internet Fees', 1, 0),
(32, 2, 'Entertainment', 1, 0),
(33, 2, 'Medical Costs', 1, 0),
(34, 2, 'Furniture & Electronics', 1, 0),
(35, 2, 'Maintenance Work', 1, 0),
(36, 2, 'Telephone Bill or Credit', 1, 0),
(37, 2, 'Insurance - Health', 1, 0),
(38, 2, 'Insurance - Property', 1, 0),
(39, 2, 'Insurance - Vehicles', 1, 0),
(40, 2, 'Insurance - Life & Disability', 1, 0),
(41, 2, 'Mobile Phone Bill or Credit', 1, 0),
(42, 2, 'Rent', 1, 0),
(44, 2, 'Vehicle - Repairs & Maintenance', 1, 0),
(45, 2, 'Vehicle - Fuel', 1, 0),
(46, 2, 'Travel - Ticket/Airfare', 1, 0),
(47, 2, 'Travel - Allowances', 1, 0),
(48, 2, 'Other Transportation', 1, 0),
(49, 2, 'Uncagetorized Expense', 1, 0),
(50, 2, 'Salaries', 1, 0),
(51, 2, 'Subscriptions', 1, 0),
(52, 2, 'Donations & Gifts', 1, 0),
(53, 2, 'Office Consumables', 1, 0),
(54, 2, 'Prof. Services - Legal', 1, 0),
(55, 2, 'Prof. Services - Accounting', 1, 0),
(56, 2, 'Taxes & Licenses', 1, 0),
(57, 2, 'Postage, Shipping or Couriers', 1, 0),
(58, 2, 'Education & Training', 1, 0),
(59, 2, 'Advertising', 1, 0),
(60, 2, 'Insurance - Accident', 1, 0),
(61, 1, 'Sales', 1, 0),
(62, 1, 'Returns on Investment', 1, 0),
(63, 2, 'Investment', 1, 0),
(64, 2, 'Travel - Transport & Transit', 1, 0),
(65, 2, 'Insurance - Travel', 1, 0),
(66, 2, 'Travel - Hotel/Lodging', 1, 0),
(67, 3, 'Retained Earnings', 1, 0),
(68, 3, 'Owner Equity', 1, 0),
(70, 1, 'Uncategorized Income', 1, 0),
(71, 2, 'Mortgage', 1, 0),
(73, 1, 'Asset Disposal', 1, 0),
(74, 5, 'Bank Loan', 1, 0),
(75, 4, 'Accounts receivable', 1, 0),
(76, 4, 'Interest Receivable', 1, 0),
(77, 4, 'Inventory', 1, 0),
(78, 4, 'Prepaid Expenses', 1, 0),
(79, 4, 'Other Current Investments', 1, 0),
(80, 4, 'Investments', 1, 0),
(81, 4, 'Property and Equipment (Long term)', 1, 0),
(82, 4, 'Notes Receivable (Long Term)', 1, 0),
(83, 4, 'Intangibles', 1, 0),
(84, 4, 'Other Assets', 1, 0),
(85, 5, 'Accounts payable', 1, 0),
(86, 5, 'Dividends payable', 1, 0),
(87, 5, 'Accrued expenses payable', 1, 0),
(88, 5, 'Income tax payable', 1, 0),
(89, 5, 'Unearned Franchise fees', 1, 0),
(90, 5, 'Notes Payable (Long term)', 1, 0),
(91, 5, 'Other long term liabilities', 1, 0),
(92, 5, 'Deferred Income Tax', 1, 0),
(93, 5, 'Long-term Debt', 1, 0),
(94, 5, 'Short-term Loans', 1, 0),
(95, 5, 'Accrued Salaries & Wages', 1, 0),
(96, 5, 'VAT+NHIL Payable', 1, 0),
(98, 5, 'Unearned Revenue', 1, 0),
(100, 4, 'Accumulated Depreciation (Less)', 1, 0),
(101, 4, 'Cash Asset', 1, 0),
(102, 4, 'Fixed Asset', 1, 0);

-- --------------------------------------------------------

--
-- Table structure for table `transactions`
--

CREATE TABLE IF NOT EXISTS `transactions` (
  `id` int(11) NOT NULL AUTO_INCREMENT,
  `head_id` int(11) DEFAULT NULL,
  `account_id` int(11) DEFAULT NULL,
  `category_id` int(11) DEFAULT NULL,
  `asset_id` int(11) DEFAULT NULL,
  `paymentmode_id` int(3) DEFAULT NULL,
  `transaction_date` date DEFAULT NULL,
  `effect` int(1) DEFAULT NULL COMMENT '0=Decrease, 1=Increase',
  `amount` decimal(11,2) NOT NULL DEFAULT '0.00',
  `debit` decimal(11,2) DEFAULT '0.00',
  `credit` decimal(11,2) DEFAULT '0.00',
  `cheque_no` varchar(35) DEFAULT NULL,
  `cheque_cleared` tinyint(1) NOT NULL DEFAULT '0',
  `prepared_by` varchar(50) DEFAULT NULL,
  `paid_to` varchar(70) DEFAULT NULL,
  `remarks` text NOT NULL,
  `random_salt` varchar(20) DEFAULT NULL,
  `create_date` datetime DEFAULT NULL,
  `modified` datetime DEFAULT NULL,
  `delete` int(1) DEFAULT '0',
  PRIMARY KEY (`id`),
  KEY `expense_name` (`category_id`,`transaction_date`)
) ENGINE=MyISAM  DEFAULT CHARSET=latin1 AUTO_INCREMENT=166 ;

--
-- Dumping data for table `transactions`
--

INSERT INTO `transactions` (`id`, `head_id`, `account_id`, `category_id`, `asset_id`, `paymentmode_id`, `transaction_date`, `effect`, `amount`, `debit`, `credit`, `cheque_no`, `cheque_cleared`, `prepared_by`, `paid_to`, `remarks`, `random_salt`, `create_date`, `modified`, `delete`) VALUES
(111, 3, 3, 68, NULL, 1, '2015-06-03', 1, '1000.00', NULL, '1000.00', NULL, 0, 'Support', '', '', NULL, '2015-06-03 18:23:44', '2015-06-03 18:23:44', 0),
(112, 3, 3, 68, NULL, 1, '2015-06-03', 1, '1000.00', '1000.00', '1000.00', NULL, 0, 'Support', '', '', NULL, '2015-06-03 18:23:44', '2015-06-03 18:23:44', 0),
(108, 4, NULL, 80, NULL, NULL, '2015-06-03', 1, '10000.00', '10000.00', NULL, '', 0, 'Support', '', '', NULL, '2015-06-03 17:57:00', '2015-06-03 17:57:00', 0),
(109, 4, NULL, 83, NULL, NULL, '2015-06-03', 1, '500.00', '500.00', NULL, '', 0, 'Support', '', '', NULL, '2015-06-03 17:57:14', '2015-06-03 17:57:14', 0),
(110, 4, NULL, 83, NULL, NULL, '2015-06-03', 0, '200.00', NULL, '200.00', '', 0, 'Support', '', '', NULL, '2015-06-03 17:57:26', '2015-06-04 04:40:20', 1),
(102, 4, 3, 101, NULL, 2, '2015-06-03', 0, '300.00', NULL, '300.00', '4324', 0, 'Support', '', '', NULL, '2015-06-03 17:31:38', '2015-06-07 22:36:06', 0),
(101, 3, 3, 69, NULL, 2, '2015-06-03', 1, '500.00', '500.00', NULL, '34534', 0, 'Support', '', '', NULL, '2015-06-03 17:35:00', '2015-06-03 17:35:00', 0),
(100, 3, 3, 69, NULL, 1, '2015-06-03', 1, '500.00', '500.00', NULL, NULL, 0, 'Support', '', '', NULL, '2015-06-03 17:34:46', '2015-06-03 17:34:46', 0),
(99, 3, 3, 68, NULL, 2, '2015-06-03', 1, '1000.00', NULL, '1000.00', '2342', 1, 'Support', '', '', NULL, '2015-06-03 17:34:24', '2015-06-03 17:34:24', 0),
(98, 3, 3, 68, NULL, 1, '2015-06-03', 1, '1000.00', NULL, '1000.00', NULL, 0, 'Support', '', '', NULL, '2015-06-03 17:34:05', '2015-06-03 17:34:05', 0),
(95, 1, 3, 62, NULL, 2, '2015-06-03', 1, '1000.00', NULL, '1000.00', '234234', 1, 'Support', '', '', NULL, '2015-06-03 17:32:17', '2015-06-03 17:32:17', 0),
(96, 1, 3, 70, NULL, 2, '2015-06-03', 1, '600.00', NULL, '600.00', '345', 0, 'Support', '', '', NULL, '2015-06-03 17:32:37', '2015-06-03 17:32:37', 0),
(92, 2, 3, 26, NULL, 2, '2015-06-03', 1, '73.00', '73.00', NULL, '2324', 1, 'Support', '', '', NULL, '2015-06-03 17:30:55', '2015-06-03 17:30:55', 0),
(93, 2, 3, 42, NULL, 2, '2015-06-03', 1, '700.00', '700.00', NULL, '325', 1, 'Support', '', '', NULL, '2015-06-03 17:31:11', '2015-06-03 17:31:11', 0),
(94, 2, 3, 27, NULL, 2, '2015-06-03', 1, '300.00', '300.00', NULL, '4324', 0, 'Support', '', '', NULL, '2015-06-03 17:31:38', '2015-06-07 22:36:06', 0),
(85, 5, NULL, 85, NULL, NULL, '2015-06-03', 0, '250.00', '250.00', NULL, NULL, 0, 'Support', NULL, '', NULL, '2015-06-03 17:26:49', '2015-06-03 17:26:49', 0),
(84, 5, NULL, 88, NULL, NULL, '2015-06-03', 1, '300.00', NULL, '300.00', NULL, 0, 'Support', NULL, '', NULL, '2015-06-03 17:26:38', '2015-06-03 17:26:38', 0),
(83, 5, NULL, 85, NULL, NULL, '2015-06-03', 1, '3000.00', NULL, '3000.00', NULL, 0, 'Support', NULL, '', NULL, '2015-06-03 17:26:28', '2015-06-03 17:26:28', 0),
(86, 5, NULL, 74, NULL, NULL, '2015-06-03', 1, '500.00', NULL, '500.00', NULL, 0, 'Support', NULL, '', NULL, '2015-06-03 17:27:12', '2015-06-03 17:27:12', 0),
(87, 5, NULL, 74, NULL, NULL, '2015-06-03', 0, '200.00', '200.00', NULL, NULL, 0, 'Support', NULL, '', NULL, '2015-06-03 17:27:22', '2015-06-03 17:27:22', 0),
(106, 4, NULL, 102, NULL, NULL, '2015-06-03', 1, '50000.00', '50000.00', NULL, '', 0, 'Support', '', '', NULL, '2015-06-03 17:56:26', '2015-06-03 17:56:26', 0),
(80, 4, NULL, 67, NULL, NULL, '2015-06-03', 1, '600.00', '600.00', NULL, '', 0, 'Support', '', '', NULL, '2015-06-03 08:33:40', '2015-06-03 08:33:40', 0),
(113, 4, 3, 101, NULL, 1, '2015-06-03', 1, '1000.00', '1000.00', NULL, '', 0, 'Support', '', '', NULL, '2015-06-03 18:32:49', '2015-06-03 18:32:49', 0),
(114, 3, 3, 68, NULL, 1, '2015-06-03', 1, '300.00', NULL, '300.00', NULL, 0, 'Support', '', '', '2625n', '2015-06-03 21:29:00', '2015-06-03 21:29:00', 0),
(116, 3, 3, 68, NULL, 1, '2015-06-03', 1, '5000.00', NULL, '5000.00', NULL, 0, 'Support', '', '', '4346Qwic', '2015-06-03 21:35:15', '2015-06-03 22:55:50', 0),
(117, 4, 3, 101, NULL, 1, '2015-06-03', 1, '5000.00', '5000.00', NULL, NULL, 0, 'Support', '', '', '4346Qwic', '2015-06-03 21:35:15', '2015-06-03 22:55:50', 0),
(118, 4, 3, 101, NULL, 1, '2015-06-03', 1, '100.00', '100.00', '100.00', NULL, 0, 'Support', '', '', 'Qwic556f7a4d96d0d', '2015-06-03 22:06:03', '2015-06-03 22:51:23', 0),
(119, 4, 3, 101, NULL, 1, '2015-06-03', 1, '1000.00', '1000.00', NULL, NULL, 0, 'Support', '', '', 'Qwic556f7a4d96d0d', '2015-06-03 22:06:03', '2015-06-03 22:06:03', 0),
(120, 3, 3, 69, NULL, 1, '2015-06-03', 1, '1000.00', '1000.00', NULL, NULL, 0, 'Support', '', '', 'Qwic556f7b7c376c2', '2015-06-03 22:10:57', '2015-06-03 22:10:57', 0),
(121, 4, 3, 101, NULL, 1, '2015-06-03', 1, '1000.00', NULL, '1000.00', NULL, 0, 'Support', '', '', 'Qwic556f7b7c376c2', '2015-06-03 22:10:57', '2015-06-03 22:10:57', 0),
(122, 3, 3, 68, NULL, 1, '2015-06-03', 1, '100.00', NULL, '100.00', NULL, 0, 'Support', '', '', 'Qwic556f7ccaf32a8', '2015-06-03 22:16:34', '2015-06-03 22:57:24', 0),
(123, 4, 3, 101, NULL, 1, '2015-06-03', 1, '100.00', '100.00', NULL, NULL, 0, 'Support', '', '', 'Qwic556f7ccaf32a8', '2015-06-03 22:16:34', '2015-06-03 22:57:24', 0),
(124, 3, 3, 68, NULL, NULL, '2015-06-04', 1, '2000.00', NULL, '2000.00', NULL, 0, 'Support', '', '', NULL, '2015-06-04 00:17:30', '2015-06-04 00:17:30', 0),
(125, 4, 3, 101, NULL, NULL, '2015-06-04', 1, '2000.00', '2000.00', NULL, NULL, 0, 'Support', '', '', NULL, '2015-06-04 00:17:30', '2015-06-04 04:39:55', 1),
(126, 3, 3, 68, NULL, 1, '2015-06-04', 1, '5000.00', NULL, '5000.00', NULL, 0, 'Support', '', '', 'Qwic556f9a451a37e', '2015-06-04 00:22:10', '2015-06-04 00:22:10', 0),
(127, 4, 3, 101, NULL, 1, '2015-06-04', 1, '5000.00', '5000.00', NULL, NULL, 0, 'Support', '', '', 'Qwic556f9a451a37e', '2015-06-04 00:22:10', '2015-06-04 00:22:10', 0),
(128, 3, 3, 68, NULL, 1, '2015-06-04', 1, '2000.00', NULL, '2000.00', NULL, 0, 'Support', '', '', 'Qwic556f9aef738cf', '2015-06-04 00:24:53', '2015-06-04 00:27:16', 0),
(129, 4, 3, 101, NULL, 1, '2015-06-04', 1, '2000.00', '2000.00', NULL, NULL, 0, 'Support', '', '', 'Qwic556f9aef738cf', '2015-06-04 00:24:53', '2015-06-04 00:27:16', 0),
(130, 1, 3, 73, NULL, 2, '2015-06-04', 1, '1000.00', NULL, '1000.00', 'sdfasdf', 1, 'Support', 'Bomark', '', 'Qwic556fadfe2c2a4', '2015-06-04 01:45:52', '2015-06-04 03:47:37', 1),
(131, 4, 3, 101, NULL, 2, '2015-06-04', 1, '1000.00', '1000.00', NULL, 'sdfasdf', 1, 'Support', 'Bomark', '', 'Qwic556fadfe2c2a4', '2015-06-04 01:45:52', '2015-06-04 03:47:37', 1),
(132, 1, 3, 73, NULL, 1, '2015-06-04', 1, '2000.00', NULL, '2000.00', NULL, 0, 'Support', '', '', 'Qwic556fae56eb82c', '2015-06-04 01:47:53', '2015-06-04 01:47:53', 0),
(133, 4, 3, 101, NULL, 1, '2015-06-04', 1, '2000.00', '2000.00', NULL, NULL, 0, 'Support', '', '', 'Qwic556fae56eb82c', '2015-06-04 01:47:53', '2015-06-04 01:47:53', 0),
(134, 2, 3, 23, NULL, 1, '2015-06-04', 1, '1000.00', '1000.00', NULL, NULL, 0, 'Support', '', '', 'Qwic556fb0510378a', '2015-06-04 01:56:16', '2015-06-07 22:33:20', 0),
(135, 4, 3, 101, NULL, 1, '2015-06-04', 0, '1000.00', NULL, '1000.00', NULL, 0, 'Support', '', '', 'Qwic556fb0510378a', '2015-06-04 01:56:16', '2015-06-07 22:33:20', 0),
(136, 2, 3, 27, NULL, 1, '2015-06-04', 1, '100.00', '100.00', NULL, NULL, 0, 'Support', '', '', 'Qwic556fb2a0a49c0', '2015-06-04 02:06:12', '2015-06-04 04:08:00', 1),
(137, 4, 3, 101, NULL, 1, '2015-06-04', 0, '100.00', NULL, '100.00', NULL, 0, 'Support', '', '', 'Qwic556fb2a0a49c0', '2015-06-04 02:06:12', '2015-06-04 04:08:00', 1),
(140, 4, 3, 101, NULL, 1, '2015-06-04', 0, '1000.00', NULL, '1000.00', '', 0, 'Support', '', '', NULL, '2015-06-04 02:16:45', '2015-06-04 02:17:06', 0),
(141, 4, 3, 101, NULL, 1, '2015-06-04', 1, '1000.00', '1000.00', NULL, '', 0, 'Support', '', '', NULL, '2015-06-04 02:17:44', '2015-06-04 02:40:55', 0),
(142, 4, NULL, 75, NULL, NULL, NULL, NULL, '0.00', NULL, NULL, NULL, 0, '', '', 'Account Receivable from sale point', NULL, NULL, '2015-06-04 05:26:09', 0),
(143, 4, NULL, 75, NULL, NULL, NULL, NULL, '0.00', NULL, NULL, NULL, 0, '', '', 'Account Receivable from sale point', NULL, NULL, '2015-06-04 05:26:10', 0),
(144, 4, NULL, 75, NULL, NULL, NULL, NULL, '0.00', NULL, NULL, NULL, 0, '', '', 'Account Receivable from sale point', NULL, NULL, '2015-06-04 05:26:11', 0),
(145, 4, NULL, 75, NULL, NULL, NULL, NULL, '0.00', NULL, NULL, NULL, 0, '', '', 'Account Receivable from sale point', NULL, NULL, '2015-06-04 05:26:11', 0),
(146, 4, NULL, 75, NULL, NULL, NULL, NULL, '0.00', NULL, NULL, NULL, 0, '', '', 'Account Receivable from sale point', NULL, NULL, '2015-06-04 05:26:11', 0),
(147, 4, NULL, 75, NULL, NULL, NULL, NULL, '0.00', NULL, NULL, NULL, 0, '', '', 'Account Receivable from sale point', NULL, NULL, '2015-06-04 05:26:12', 0),
(148, 4, NULL, 75, NULL, NULL, NULL, NULL, '0.00', NULL, NULL, NULL, 0, '', '', 'Account Receivable from sale point', NULL, NULL, '2015-06-04 05:26:12', 0),
(149, 4, NULL, 75, NULL, NULL, NULL, NULL, '0.00', NULL, NULL, NULL, 0, '', '', 'Account Receivable from sale point', NULL, NULL, '2015-06-04 05:26:12', 0),
(150, 2, 3, 27, NULL, 1, '2015-06-06', 1, '180.00', '180.00', NULL, NULL, 0, 'Support', '', '', 'Qwic5574c775aecbf', '2015-06-07 22:36:12', '2015-06-07 22:41:06', 0),
(151, 4, 3, 101, NULL, 1, '2015-06-06', 0, '180.00', NULL, '180.00', NULL, 0, 'Support', '', '', 'Qwic5574c775aecbf', '2015-06-07 22:36:12', '2015-06-07 22:41:06', 0),
(152, 4, NULL, 75, NULL, NULL, NULL, NULL, '-37.38', NULL, NULL, NULL, 0, '', '', 'Account Receivable from sale point', NULL, NULL, '2015-06-09 22:07:16', 1),
(153, 4, NULL, 75, NULL, NULL, NULL, NULL, '-37.38', NULL, NULL, NULL, 0, '', '', 'Account Receivable from sale point', NULL, NULL, '2015-06-08 00:47:52', 0),
(154, 4, NULL, 75, NULL, NULL, NULL, NULL, '-37.38', NULL, NULL, NULL, 0, '', '', 'Account Receivable from sale point', NULL, NULL, '2015-06-08 00:47:53', 0),
(155, 4, NULL, 75, NULL, NULL, NULL, NULL, '-37.38', NULL, NULL, NULL, 0, '', '', 'Account Receivable from sale point', NULL, NULL, '2015-06-08 00:47:53', 0),
(156, 4, NULL, 75, NULL, NULL, NULL, NULL, '-37.38', NULL, NULL, NULL, 0, '', '', 'Account Receivable from sale point', NULL, NULL, '2015-06-08 00:47:53', 0),
(157, 4, NULL, 75, NULL, NULL, NULL, NULL, '-37.38', NULL, NULL, NULL, 0, '', '', 'Account Receivable from sale point', NULL, NULL, '2015-06-08 00:47:54', 0),
(158, 4, NULL, 75, NULL, NULL, NULL, NULL, '-37.38', NULL, NULL, NULL, 0, '', '', 'Account Receivable from sale point', NULL, NULL, '2015-06-08 00:47:54', 0),
(159, 4, NULL, 75, NULL, NULL, NULL, NULL, '-37.38', NULL, NULL, NULL, 0, '', '', 'Account Receivable from sale point', NULL, NULL, '2015-06-08 00:47:54', 0),
(160, 4, NULL, 75, NULL, NULL, NULL, NULL, '-37.38', NULL, NULL, NULL, 0, '', '', 'Account Receivable from sale point', NULL, NULL, '2015-06-08 00:49:09', 0),
(161, 4, NULL, 75, NULL, NULL, NULL, NULL, '-37.38', NULL, NULL, NULL, 0, '', '', 'Account Receivable from sale point', NULL, NULL, '2015-06-08 00:49:10', 0),
(162, 4, NULL, 75, NULL, NULL, NULL, NULL, '-37.38', NULL, NULL, NULL, 0, '', '', 'Account Receivable from sale point', NULL, NULL, '2015-06-08 01:07:42', 0),
(163, 4, NULL, 75, NULL, NULL, NULL, NULL, '0.00', NULL, NULL, NULL, 0, 'support', NULL, 'Account Receivable from sale point', NULL, NULL, '2015-06-08 01:10:40', 0),
(164, 4, NULL, 75, NULL, NULL, NULL, NULL, '-15.13', NULL, NULL, NULL, 0, 'SHOWROOM.NKWANTA', NULL, 'Account Receivable from sale point', NULL, NULL, '2015-06-08 01:11:05', 0),
(165, 4, NULL, 75, NULL, NULL, NULL, NULL, '0.00', NULL, NULL, NULL, 0, 'ANKU.EDWARD', NULL, 'Account Receivable from sale point', NULL, NULL, '2015-06-09 22:07:21', 1);

-- --------------------------------------------------------

--
-- Table structure for table `user_privileges`
--

CREATE TABLE IF NOT EXISTS `user_privileges` (
  `id` int(11) NOT NULL AUTO_INCREMENT,
  `usertype_id` int(3) DEFAULT NULL,
  `module_id` int(4) DEFAULT NULL,
  `created_by` varchar(150) DEFAULT NULL,
  `mod_view` int(1) DEFAULT '0',
  `mod_delete` int(1) DEFAULT '0',
  `mod_edit` int(1) DEFAULT '0',
  `mod_create` int(1) DEFAULT '0',
  `created` datetime DEFAULT NULL,
  `modified` datetime DEFAULT NULL,
  PRIMARY KEY (`id`)
) ENGINE=InnoDB  DEFAULT CHARSET=latin1 AUTO_INCREMENT=24 ;

--
-- Dumping data for table `user_privileges`
--

INSERT INTO `user_privileges` (`id`, `usertype_id`, `module_id`, `created_by`, `mod_view`, `mod_delete`, `mod_edit`, `mod_create`, `created`, `modified`) VALUES
(1, 1, 1, 'support', 1, 1, 1, 1, NULL, NULL),
(2, 1, 2, 'support', 1, 0, 1, 1, NULL, NULL),
(17, 10, 1, '', NULL, 0, 1, 1, '2014-12-02 17:45:58', '2014-12-02 17:45:58'),
(18, 10, 2, '', NULL, 0, 1, 1, '2014-12-02 17:45:58', '2014-12-02 17:45:58'),
(19, 10, 3, '', NULL, 0, 1, 1, '2014-12-02 17:45:59', '2014-12-02 17:45:59'),
(20, 10, 4, '', NULL, 0, 0, 1, '2014-12-02 17:45:59', '2014-12-02 17:45:59'),
(21, 10, 5, '', 0, 0, 0, 1, '2014-12-02 17:45:59', '2014-12-02 17:45:59'),
(22, 10, 6, '', 0, 0, 0, 0, '2014-12-02 17:45:59', '2014-12-02 17:45:59'),
(23, 10, 7, '', NULL, 0, 0, 1, '2014-12-02 17:45:59', '2014-12-02 17:45:59');

-- --------------------------------------------------------

--
-- Table structure for table `userdepartments`
--

CREATE TABLE IF NOT EXISTS `userdepartments` (
  `id` int(11) NOT NULL AUTO_INCREMENT,
  `department` varchar(40) DEFAULT NULL,
  PRIMARY KEY (`id`)
) ENGINE=InnoDB  DEFAULT CHARSET=latin1 AUTO_INCREMENT=10 ;

--
-- Dumping data for table `userdepartments`
--

INSERT INTO `userdepartments` (`id`, `department`) VALUES
(5, 'OPERATIONS DEPARTMENT'),
(6, 'MARKETING DEPARTMENT'),
(8, 'ADMINISTRATION'),
(9, 'Support');

-- --------------------------------------------------------

--
-- Table structure for table `users`
--

CREATE TABLE IF NOT EXISTS `users` (
  `id` int(11) NOT NULL AUTO_INCREMENT,
  `userdepartment_id` int(11) DEFAULT NULL,
  `username` varchar(50) NOT NULL,
  `password` varchar(100) NOT NULL,
  `firstname` varchar(100) NOT NULL,
  `lastname` varchar(100) NOT NULL,
  `usertype_id` int(11) DEFAULT NULL,
  `email` varchar(70) DEFAULT NULL,
  `date` timestamp NOT NULL DEFAULT CURRENT_TIMESTAMP,
  PRIMARY KEY (`id`)
) ENGINE=InnoDB  DEFAULT CHARSET=latin1 AUTO_INCREMENT=7 ;

--
-- Dumping data for table `users`
--

INSERT INTO `users` (`id`, `userdepartment_id`, `username`, `password`, `firstname`, `lastname`, `usertype_id`, `email`, `date`) VALUES
(1, 3, 'support', 'ccbd43e44efec3dd62688e50cf8f0485', 'Qwick', 'Fusion', 1, NULL, '2013-03-12 00:45:42'),
(2, 5, 'g.onyinah', '15e5c87b18c1289d45bb4a72961b58e8', 'Grace ', 'Opoku Onyinah', 10, 'g.onyinah@parkstonecap.com', '2014-12-05 15:51:45'),
(3, 5, 'sam.essien', '332532dcfaa1cbf61e2a266bd723612c', 'Samuel', 'Essien', 10, '', '2014-12-05 15:53:00'),
(4, 5, 'charles.denu', 'a5410ee37744c574ba5790034ea08f79', 'Charles', 'Denu', 10, 'g.onyinah@parkstonecap.com', '2014-12-05 15:53:36'),
(5, 8, 'e.enninful', 'd41d8cd98f00b204e9800998ecf8427e', 'Elsie', 'Enninful-Adu', 1, '', '2014-12-05 15:54:30'),
(6, 8, 'doris.ohene', 'd41d8cd98f00b204e9800998ecf8427e', 'Doris', 'Ohene-Djan', 10, '', '2014-12-05 15:56:13');

-- --------------------------------------------------------

--
-- Table structure for table `usertypes`
--

CREATE TABLE IF NOT EXISTS `usertypes` (
  `id` int(3) NOT NULL AUTO_INCREMENT,
  `usertype` varchar(20) NOT NULL,
  `created_by` varchar(150) DEFAULT NULL,
  `modified_by` varchar(150) DEFAULT NULL,
  `created` datetime DEFAULT NULL,
  `modified` datetime DEFAULT NULL,
  PRIMARY KEY (`id`),
  KEY `usertype` (`usertype`)
) ENGINE=InnoDB  DEFAULT CHARSET=latin1 AUTO_INCREMENT=11 ;

--
-- Dumping data for table `usertypes`
--

INSERT INTO `usertypes` (`id`, `usertype`, `created_by`, `modified_by`, `created`, `modified`) VALUES
(1, 'Super Administrator', NULL, NULL, NULL, NULL),
(10, 'Investment Officer', NULL, NULL, '2014-12-02 17:45:58', '2014-12-02 17:45:58');

-- --------------------------------------------------------

--
-- Table structure for table `zones`
--

CREATE TABLE IF NOT EXISTS `zones` (
  `id` int(2) NOT NULL AUTO_INCREMENT,
  `zone` varchar(15) NOT NULL,
  `suburb` varchar(70) DEFAULT NULL,
  PRIMARY KEY (`id`)
) ENGINE=InnoDB  DEFAULT CHARSET=latin1 AUTO_INCREMENT=20 ;

--
-- Dumping data for table `zones`
--

INSERT INTO `zones` (`id`, `zone`, `suburb`) VALUES
(7, 'ZONE B-1', 'HO'),
(8, 'ZONE B-2', 'HOHOE'),
(9, 'ZONE B-3', 'NKWANTA'),
(10, 'ZONE C-1', 'NKWAKWA'),
(11, 'ZONE C-2', 'KADE'),
(12, 'ZONE D-1', 'TAKORADI'),
(13, 'ZONE A-1', 'ACCRA'),
(14, 'ZONE A-2', 'ACCRA'),
(15, 'ZONE A-3', 'ACCRA'),
(16, 'ZONE A-4', 'ACCRA'),
(17, 'ZONE CHEQUES', 'ACCRA'),
(18, 'test', 'Support_Testing'),
(19, 'ZONE STAFFS', 'ACCRA');
SET FOREIGN_KEY_CHECKS=1;
COMMIT;

/*!40101 SET CHARACTER_SET_CLIENT=@OLD_CHARACTER_SET_CLIENT */;
/*!40101 SET CHARACTER_SET_RESULTS=@OLD_CHARACTER_SET_RESULTS */;
/*!40101 SET COLLATION_CONNECTION=@OLD_COLLATION_CONNECTION */;
